latency,downtime,throughput,cpu_usage,memory_usage
191.27964433276514,10.62042085483947,904.2945473987561,55.628400614998,52.85409202593909
148.06817279664784,,1695.886778291837,92.84356769189041,67.4582991178876
223.59008807212018,0.3182632754424469,1205.625817803201,75.38705418414816,76.81681132733222
348.00871429956896,3.0944780059354042,1584.0713677370825,75.94855133751228,n/a
277.7391260658907,0.7402335719590101,1522.3147037756275,59.45643566393159,65.76483472586828
308.814837913715,5.212768922427772,1710.3610882344954,82.7347606948141,82.74582957634712
219.75867237352105,0.24139197741619695,822.2781487068405,89.03847084964133,79.25377539386588
207.87313165138954,2.3419958352409496,n/a,92.50075039544835,47.85020307168692
276.071084375439,0.43238250114944055,1048.8512164244485,36.4343644785172,52.271437950999754
254.19468816203636,0.01686056630053531,1157.380075912274,87.17686056202106,73.58602641667105
,16.164521819170698,875.7280793108296,44.63038743243095,88.7397009870304
333.8642583093976,27.7690787104995,1897.520574537593,55.8223486294042,
209.74162496158038,4.054059320833941,979.4471614473377,52.45601765628171,51.49039203223703
202.83021813384636,1.365319534814711,1395.8387350693417,73.88345260564166,83.45647171477896
292.57971480243594,12.10116150986343,814.307261748246,68.86509511519645,49.98059797714413
285.85114475385416,12.822126284078315,1123.6624609272253,37.09181685992234,74.87041370249308
197.79673519901246,9.63820150970094,1518.178252362979,80.88347091844358,41.71245351779323
253.95166885097603,3.9303708423579247,1304.2027525386784,58.57695111709725,40.94902575489518
160.32454668220225,0.38819802538141607,917.5035807232846,30.144419816427035,62.57833569720823
264.9008140291956,0.46298342477074295,985.4712084348484,n/a,72.82700637749517
226.5859953214912,11.346708528750323,1248.8384941636032,63.56155242356742,47.121722697938424
237.7052863504877,10.430391479755276,,34.4768545385349,78.19412265007689
,2.8493165043530695,806.0978810485856,39.8237918620531,46.43682412059858
309.7384127064836,1.9886352671999716,1085.6874689767174,94.58219114690596,66.68539039358373
263.11761596153355,5.1658634951000835,1156.22012575753,86.62770113146156,55.41495961385402
,8.225013238774611,1370.5200775719181,38.66628225753211,77.61266383916026
244.75680788493514,6.577966997882459,1503.917096421646,67.72011098025666,80.2058376781942
309.48647945423124,4.780396225636221,1401.3424806340277,54.650814319127306,43.30456197812355
156.60254190091558,1.3166454376894845,1301.8610170245938,65.34312656549477,49.63022846537325
250.29094935064933,1.5224789656156537,1308.7965857325019,60.58478758188017,84.63220547846979
309.7550163142555,6.437994704886057,1343.1151787896333,33.129680126669506,60.780641830043336
150.94878117517572,8.113118633504842,1487.0327831105103,50.502320214400896,63.83679326865227
256.46246470101386,0.6172557787679853,1707.568474704749,38.15883783182824,48.40119208312832
278.85706245724157,1.0369480426884619,908.2118750064052,61.7829259988986,89.74473982504963
230.7779581545387,5.704524666843493,1065.5350980889443,88.97558679867032,86.1523841419663
299.7271000450165,2.4631818414308864,1503.1581171019666,94.70963021702035,40.10123354911219
300.23342415482875,4.142462426884989,901.4845927748474,91.37644945136064,67.53673413289425
219.09234286687615,4.770157088565223,811.3352195801026,94.07031312336265,83.61336918015773
n/a,7.4850898796455745,1007.5014446657691,30.991010525723087,61.52668031169801
191.92722227393747,8.192195831633448,1222.0575232752824,77.41405359886181,61.84071292883424
265.8827444262811,1.643188749407216,1056.482031797504,47.74167266147486,58.96735783631446
260.12459953223555,3.896758731061552,1310.8612550168361,86.2651685874939,41.44141675776617
250.11671237460723,0.6592294329946404,1114.7307695665654,82.89267689056277,79.51416679268513
255.0335840213327,9.22628127489377,1096.4494408256617,57.53884743239202,62.839260169554734
207.1402497543129,9.33612135344182,699.27894174195,60.761943881705236,66.5532819201863
178.55676799397708,1.7798453870303876,1379.6338893245081,47.23095848451503,52.78425584033192
272.2100372945931,0.8754600101134926,,48.77226235431962,79.20592460334097
240.09352898563802,0.3633469197074413,1143.8999476104607,93.77633751843149,79.6874273352224
198.44508880628732,4.278053403988408,1244.6988965905116,87.77543776356134,67.64604084258796
213.74870264903672,0.4794062663780584,1244.065790758135,42.47148318747336,85.23139629000819
295.927190366165,5.706474512534077,1515.4100809577626,47.909104061220646,45.79421153633209
293.07233450260065,5.667981801505273,1266.824772536623,37.062119549046905,79.33133323217996
283.14729858286955,4.7594264301906115,799.3708207209081,94.27660089367994,67.92920711603323
247.93646905016183,10.460020682897444,1772.3900779910427,88.9686402844856,51.55065835182246
215.89814363981603,2.3763328129103325,1586.6875920896543,65.88636915418084,46.61518913259474
316.11419706677333,11.627712169707092,1214.9124433659933,75.03805175656316,55.050352016141915
233.8301717555721,0.18812185792362182,1246.4569337623009,78.61655107339254,82.8157959050726
263.5296867880529,0.5981818170969058,1286.7881402690134,43.247729784914625,79.3809674838068
207.4728595913745,2.656889941631406,,90.75331192652524,72.256621290902
238.08727130230824,4.5069246208995075,1534.4637801830984,64.23827639190509,44.51635038918387
116.6755879112331,0.16455660698827448,1503.1639278204357,36.009349937527745,87.74153198716519
n/a,4.190107264645442,1174.0563986888565,55.81036950918849,55.272006618770355
173.82058817901375,1.836501081481707,1401.7161868858905,69.10702615147684,70.34999916725292
260.86169018352473,10.908337445583527,1513.0040207432362,52.93350744533571,80.15509354027171
220.21212010407274,3.8101780553844833,1268.1031597382153,75.44828780386902,46.6427917229379
234.91773349863706,4.43237229227271,890.7501824318163,n/a,72.60983711279366
356.5178549263877,14.55896072564921,1405.73571957499,80.17298808483858,41.614799835210626
198.93062436619073,7.223242129425334,1216.9103893098202,71.77277130632476,45.089465575217055
256.0956581762233,2.8836989301806355,n/a,63.290236291758234,76.15718172135709
260.9694317320271,3.2397182983825563,1510.4616797958188,46.54012657621436,47.75410777863971
202.50922975242622,5.219539221340103,1271.0979183265467,59.57150072483316,62.17533616526892
305.1740169547021,1.1169630156909107,1131.1455788818002,49.04193896398151,52.416627538868454
332.3164412531254,0.464145922816796,1821.6161732704686,90.71151977083211,61.06147543349711
309.973933896208,1.8642867056611565,1036.4605958776867,88.97522520413295,43.86101201457355
202.30792944133887,7.534018502401201,917.1361323380536,40.12871491473267,77.74502720204947
214.8584610656948,1.4874756420222335,1246.9419702302375,83.47031437762429,43.95205886970572
148.6572541420461,0.7006754618663403,1153.4669541383873,75.68945528912312,81.8957248680235
240.91490238712706,1.2360453242603546,1032.4026740326717,93.3887618364393,73.13044320847806
244.49247314149187,5.681148865686922,1622.631422550077,60.11492695901161,60.829278783214164
288.9724007096453,4.75891675209641,863.3266397411539,76.9413341419349,83.3243271735246
338.1668494990181,5.82881103944079,1292.927545271421,63.662454808344464,49.30656393381643
187.05945796584695,1.9427311349552057,1226.197456344636,34.51103228500312,53.22821137074127
256.92285193069904,11.555916102561998,1196.6921582027805,33.0397087328899,46.85618308296033
238.70467876122225,,1546.6116859831159,37.93724378718608,59.07843466450175
242.43087161322063,3.604781800269576,1816.2237617212036,49.25241915040709,89.33665923670438
328.21406847154344,14.860857701816936,1200.089719868589,46.84235187777189,48.05136889003473
254.78571035463548,19.38262007172807,1466.4541869410536,77.3412334658835,81.54882429328993
277.4875573088563,5.416787079577979,1212.22600082059,76.53497776993808,72.5940035836536
273.6996063799431,14.485156751007063,1223.6545370549911,93.14064769020918,40.79070653059298
260.90392864724,3.899055486045755,1335.4082157109078,50.17540365375575,87.244509646885
211.64585614408634,1.8356682701339222,1250.5560615964835,90.99938544573854,88.55456326124923
343.5845623620118,1.892360030320063,926.5947347223492,69.83528922670278,86.24503509307718
248.29962370990452,4.092878478943544,1599.3630699195714,62.19506621435783,65.08698288535169
,4.644804814795206,1334.8399339490597,73.40968955785902,51.01875912379395
262.69045691198704,2.8956746261272177,1185.9868917724489,75.67910435306314,59.56323387352407
144.42005413814928,10.760985279980336,1012.0593383841649,41.17538687585069,70.70957732081155
197.89201466417506,2.7816968450571995,1287.5968557128638,78.86150772979173,58.94181904587249
255.6987052795956,1.5970585222514555,1127.053479666239,77.13622969035347,75.40858254348414
207.52215757945908,0.04006952032633731,1254.6508083162892,94.83959845667063,79.77877738882592
270.15146230264236,17.628580948021046,,89.27660574371092,50.469644932402886
204.49174919574781,n/a,950.6797810133686,74.50291505947894,
250.84518452783172,4.779832343584354,1683.1160995816902,76.30364135128244,87.88721880130299
164.62580613601077,8.875758344022938,916.8616828525243,91.48906619924804,52.490340063131896
291.7954886568964,8.311273155610305,965.771779555233,92.86658774397137,57.32237442972145
272.5494167116663,13.430277847799697,1403.4498070875106,83.75273781898329,41.783025192598615
274.8833463303803,2.4393529519855224,1292.9333001798666,79.88058045796546,56.61830205518007
245.46631507049452,4.046745058363752,1398.2180535684774,37.23877851871792,58.54656990520513
215.14439314850114,0.5191862915748681,1350.94199001939,83.97094244624132,44.991777981341116
328.8977812527907,16.807301180421025,974.0892439645845,46.45771909962638,40.072112499247865
333.3245884195821,21.041062243279477,1400.9890884414565,66.64597924124884,68.7702742184355
246.42835056281746,7.781482522670338,1007.0987779245545,56.34921057845929,55.07633006643594
221.43240116016128,3.0267895432382854,1516.1327394578377,52.464474541420664,40.8911918630046
163.57734807889233,3.431520747121179,900.5907174086035,50.166250095358905,82.99721519835897
261.25798467320004,2.857895988645298,962.1040038389367,85.60276024273684,69.22048385333204
216.5755760057796,1.7358204118552272,,79.99384784366987,48.55841752459102
226.0187857743772,3.7516722681273507,1293.0726651964133,64.02416890656559,83.26233114704883
298.20061756906074,0.27463137311895713,1184.3901355818555,n/a,52.67929852364902
201.8823834993672,24.071475999548735,1234.4212186373788,93.99431677236058,51.3722865768128
345.9421211127997,2.7586733114499373,1164.6191095890042,55.8397838255663,84.73170284986345
199.147360263559,13.111650940372153,1184.052945835187,65.82153939062238,48.97289397297368
147.65244217302995,6.441692251933489,1055.394139508893,64.67904131734156,83.94928965845372
217.09639669896643,1.712049566976967,746.6913934824465,90.83820438486279,80.14866506239005
267.8393571536105,1.2554819485305204,781.4715879159364,52.85155714470584,55.48887704146167
256.8308218381646,27.21721717751067,959.5673118509775,94.10655876415345,41.719854057656775
259.1501153783495,7.394819962402883,1103.3771774836623,49.80534488225702,44.12865517756585
236.14686599005393,,1639.3746929545894,37.078957296062086,45.476413388478875
224.94419083020796,0.3491359981591196,894.2182964508015,42.43928044073365,84.5399417580239
188.02264387808546,5.968735416739271,872.261820206335,n/a,60.20179890187378
256.4734876806993,1.8049673971006028,653.8776319395392,72.23413673916107,41.626487864324716
302.83803069264326,1.2508449324990703,1350.3716597156974,63.59363930156127,67.82742310278398
250.70782484784385,6.638946558158466,1135.9621317559695,54.458081477338894,50.399612530349586
211.96023791256016,5.685642883343106,811.762853423327,66.53216227094042,51.75630213040095
257.29795955495103,3.283234232579934,1191.4221321183993,84.52240796045344,48.04208674590393
323.19085403505807,14.293429446193542,1025.0033006800159,84.53051679650119,78.10107311993586
239.79881299589115,5.691524076035979,1588.5577823045653,77.204812731845,40.03064469026363
188.16973003360403,11.19427639792043,998.84895749927,91.90914978581726,61.94920819484226
260.9907657470306,1.0570195464997763,1709.4366399309292,68.36330338345948,44.34355832012417
279.4801700841224,1.759474149411318,1251.6681397384273,30.497746447515784,67.61873005022767
293.3610348145745,0.5519777046043205,1081.5347500971297,48.91042613279025,57.29961730806713
284.861294561633,1.8161964816816223,1122.9108985198475,51.33447579185655,41.41757903882141
258.304526963332,17.838325641497295,1287.9698119749455,65.57619502471891,63.048711557752206
208.31198268004792,16.464798268222744,1119.5468679549065,88.81781564018634,68.52927489324013
200.83639239894262,7.143637317033447,922.3097598969248,84.47747263030112,52.382701583135855
233.09377393764012,3.680777220116404,1389.277275117856,n/a,78.27559485355295
280.7627730034736,7.588392846800673,1497.4557191130752,63.7603653363645,58.55243828971416
217.47238951180083,4.031433272436416,1508.153249841965,72.84466130288251,77.46732570720071
225.46858507020238,0.017573369540243102,1151.9180361539743,94.18825014102458,68.95078645043839
205.73041071185006,3.48123062609961,1527.5532545482838,32.03468325842002,83.46265339934425
328.03974389435933,4.568014810965067,1294.6424849131793,60.15202559007078,67.34623954911358
238.89502243961473,,1112.190780433232,94.22706251050181,49.2813596660353
283.5818723165503,1.136345023043446,1031.6961458855862,93.51837680682618,81.12955971393431
329.0147754034294,1.5997117195537294,1476.2014826717455,51.4972236438459,n/a
202.4163690005269,4.885882987343026,695.1343297239746,30.001087856765757,88.61779073671633
287.9489185762134,0.7894958202443031,1616.6243136145772,68.13774802190171,44.67909595537685
245.34271153002325,6.37069434241286,1237.7992227682148,86.35102530153789,69.56155811529246
320.2838231789917,2.7467480134753237,1020.8953216871918,51.0793195715628,64.58344919717412
210.38410230450845,2.179733892669053,985.5428309137134,90.72754771419505,73.54360577400826
260.7141065022289,8.231321056123042,1067.024382484155,51.6256584122321,89.0089924061615
281.71959895550464,3.5267390264402265,1411.7720818493485,69.663085798217,66.61360385578779
215.77278172756425,2.3772969137295767,1293.475880864396,76.93299475680628,74.28693174732146
239.61777475182538,10.52501599688749,1062.3081026072336,,57.360672186102136
242.96526483089087,2.296320581666391,1037.7401079554068,52.89341678125321,54.94852438358413
304.69051603561456,9.794986976482766,1294.2113160935578,60.549663929445316,56.76482828418335
360.89870713146746,3.507900171292756,2023.0948376967137,84.28952282679737,41.93039467984707
328.8451089905353,1.166014243204775,2020.0332404120684,36.55529989154485,54.23703227062975
321.9062837452308,4.744304490551935,1515.358117659277,71.04616005092146,48.647319690360106
40.69262479651624,1.6796266149184544,967.659499159332,74.0276154051019,62.87139899177784
256.634342745225,0.7958880729539508,1426.221280846814,66.26172939929388,63.04123819493657
253.1979498948122,0.4525202813922063,976.7604284337428,90.82949517941547,78.26149156132519
290.03515847304163,1.3833633994642103,1131.3378785636278,69.12939660074554,65.11458239460146
177.95765229298334,6.669546512660741,1609.691947521825,71.24748882000743,63.15407941616205
286.2638283387275,9.100770718057685,1126.7755913804137,68.9844018144646,51.58131558502457
145.73325296973223,9.892403909190477,1115.1519773125453,76.93122037033086,82.62400050723386
301.37204918463254,1.574569400707172,1048.2770285544034,38.801612017503146,44.550045284235956
167.58141880434817,5.4083766548499215,954.8680401343041,88.12796102907996,89.1147982489643
311.24409579321184,1.3091234397724596,1121.4426419321533,32.76200098973846,63.803749792574905
308.73979674987294,4.874396465487883,1422.1287051746674,71.64835740350884,49.299349979786186
233.3122768604352,10.911182003553694,1403.062194815883,70.00626059320201,57.71640278842415
271.9182568664445,0.20876673735984733,1288.1471407538531,43.52787328273247,40.76850913543944
249.84012407765653,n/a,1552.914458004139,32.646213289468875,48.32613396291184
176.0662431198851,,682.6392951709943,39.024300808127094,56.76699096563386
278.13692087973527,7.170329663322526,n/a,47.6586835718294,67.72076393759937
309.36282449665487,5.877945527774387,987.301511935481,87.33686988633785,46.474042232242724
233.87651379247325,,1795.3091648007571,85.62273627169937,73.79816480915578
281.93303200427044,26.10248351251041,1123.1778337930484,34.15061232729336,82.213824499459
206.1483020082124,7.352540213558307,1422.4897734357983,48.80242052199452,68.6169805236953
295.90624184866516,2.166243496411237,1499.1836780006358,87.8055558111885,54.84507236126121
250.50848041840675,4.758577382340557,1087.9969035589295,45.38283684890032,46.06961627429357
249.25405470965424,2.0543209057382024,1478.890501048753,94.73774474835764,40.776753149197404
273.4589233520142,17.543708610096516,1512.6994160286426,46.694612726174924,76.59011664991434
326.4587668666525,11.519916992122862,1436.937259521106,78.04236168361498,71.42396841563618
276.325833354311,4.19225486913767,1043.3520907171276,57.108846282140576,63.8141703017687
195.88725352008504,7.599671758055004,770.8033957797222,38.855895882894096,45.09977761100689
214.09261224655143,,1841.524575301461,46.58504986637225,50.35125906319831
246.40241593857337,1.395926453827653,1112.772097887539,73.88267491539435,80.75861518433211
274.8089882870694,4.331338270380721,1501.3038481715546,51.90866613236925,63.992573401018475
191.9163992402778,3.286162701977612,1060.5990289264405,69.2683343390311,n/a
267.4656898726845,7.383094754831334,1829.3451295225395,43.359517779982376,89.99860736839912
294.4572959408271,2.382785452370679,,59.157763191882054,80.03535631827938
224.98809541001316,6.171810238098395,1230.173413602197,63.29597571847466,52.90918049535472
348.54795841703213,2.5791329473089726,1896.605112024503,56.83099661543108,51.55574810900608
212.86867744140912,0.5887112960641059,720.5036436248852,42.8646720377886,52.68171602119113
260.07502260739943,0.5665234449811611,1561.8562613120894,60.00097909943794,89.33925394082763
n/a,0.6338079380660506,1192.4165928369894,75.03853643503697,56.76702390341458
,0.16530198944178207,1412.297414348465,92.71886808368097,75.32233718223445
242.55795656155775,3.8068428728120978,1095.5992138357476,81.31890533106672,87.95088549056806
228.60748339362695,5.572225066680048,1690.8104589318366,40.49558129873802,80.979807338431
213.1453982585436,0.6775433125354116,956.4248661161636,47.7256202372301,69.88019045653263
224.1357452421088,4.731920137512473,1211.1501796889058,35.123553204467754,48.448276233586604
281.68209299525614,4.553284139013392,,38.81721907690506,48.74691223391732
154.08519869757458,0.7955299856016209,953.8757766300288,46.29439271644909,64.62115427841917
156.98301039059442,2.588266060301879,1238.2177852662605,42.9692788093843,87.59722479371214
225.42389613330312,7.035255696694671,892.4573323450143,43.88720129983138,85.22468478753274
243.8966445396045,0.08448997944173126,1079.4262419677427,45.00006471855372,48.30960277272085
210.86844579820894,0.7946731796703619,1987.3650310945318,49.54411522593474,54.38598723874205
253.16279902758723,27.397247344810545,1602.4578813570765,38.163094460739316,69.44056577779875
281.01042765636953,6.612747595856552,1399.8515609224592,,63.871524612648244
298.9402918640982,3.1193210284982884,1310.7710457783926,74.74676877333367,45.96814046882562
316.1623248101995,4.968578466260139,730.2682984285452,45.366064988654756,58.46535934991597
183.78074238019832,9.361192905010471,1143.9432576005556,41.16949779742468,87.73571838276483
211.4334710446144,9.235449315690538,1476.6889165952962,34.40021804198995,87.57211123722513
206.1412614889418,1.9630018403402798,1067.328642415194,62.498146602807495,67.97129405132958
,3.3793998288822618,1308.1689005206636,84.72887731169797,71.76306523386138
218.36607733425052,5.081316395062496,898.9805284483159,33.836081877143215,51.09531404294788
265.3527368122377,0.37306235511495206,873.6602782760021,65.25119177047969,77.09763632103156
179.25146915353344,14.575058153183424,1884.3684274203895,72.29022950246238,42.624809356744066
217.81762848802558,2.834703724793128,,68.51000769062486,51.03410940819654
205.15647964981622,2.317025853239402,1174.3390151025098,87.04550823178033,40.29418438325042
284.1706201077729,11.881177619553863,966.5601191273122,86.31571271355662,59.28506293756344
187.66567530648956,0.6294413719255907,917.3375762484518,33.724993514349855,82.5130599351046
339.23203203038605,0.20026144049248742,1320.4863968075883,53.46135799953964,89.12532385549848
260.77761966977727,5.775951491409676,1780.409710693084,73.60393898235392,73.38779876902785
213.58876678714503,2.430689186872132,990.3570619834007,91.90890260701451,77.24333427132163
267.06515253344514,7.229708241057421,1259.7458489765652,82.3045117694484,53.13747891074701
209.31582289069726,0.3550349111279141,1244.6193155141295,41.47830518469826,66.01663467444074
196.88302809103277,2.4205707281812803,1699.7023256544658,48.14857445357446,76.82889494126825
284.91394138985135,1.3415232466392577,1284.1997650353478,79.633601135543,64.86379129833895
318.4463408710826,6.727807285415041,,60.645865072723915,44.427319605702294
269.0494370066966,1.2884815992427454,1425.7714486159587,65.57465873144001,77.04320965821546
188.55654100690364,3.061942121392267,1251.299324523462,69.58368831142096,50.9782195937376
209.19241021495867,8.542909816956374,939.8569782462013,36.71394865217306,44.88488354688279
326.45188251211044,12.34854572342471,1518.020836947975,85.63753217316152,63.902897441269104
289.71800809791847,6.411578284603651,1106.1446053659972,86.10373855948727,43.73045388998066
,2.8038308477668323,1300.0348667607134,60.43556386834388,71.47218334908268
214.32927108489446,4.242995405036929,1243.3457990624986,70.7449392025431,72.02366251566227
259.37143776752123,5.850916554321777,1110.4155710798054,72.89376780165685,52.83509865665046
242.80471598663746,10.394513497371605,956.5044821006475,42.33196800744247,88.22672109037967
354.45047337938536,10.971972243867032,1367.8693808669818,37.31801385030816,81.2225793373245
213.42026312533903,13.366033598813125,833.9364237185737,31.343741516243767,45.479347894986375
279.96668428848096,8.322404268989258,1478.5293915809136,89.33731874054408,77.42560636695475
264.8660311842243,0.7937943659575457,943.8291890085566,52.47136378140493,57.65373438049172
167.01373900138998,6.884483952403873,850.5458847609873,35.5790107757152,n/a
130.33943679377876,8.425992458272146,1620.703455724238,60.27699860236815,80.03973961763045
230.7648745762447,10.513404588382762,1228.1843038317386,34.91563236750139,47.56890280302308
270.92070704177905,12.939143678689128,628.7419068935264,35.54129893245207,73.09209924189513
329.4913760423126,3.5581834497528106,1196.1637026055403,61.77754747079413,83.13649802446542
210.8685401073814,5.32239789785932,1383.3885669637893,63.074382881581286,56.16868120253367
273.7299563743919,0.04799348533356871,1391.5846567914737,67.70930054631418,44.01641520904822
235.48927941865207,4.252322634682415,967.8660728117022,72.66024620055911,41.363373996959936
,3.2046561799275004,1010.3770854411334,73.43737906164274,45.50004801983643
248.00005667848203,16.3912776705778,1248.950410536126,58.14478469084864,
228.00696059730518,11.599129252153801,1511.5567062329271,71.82964880492946,56.34729711964141
258.5211455941154,7.98764377976927,805.4492584740171,49.80808415394353,54.9664293981224
259.6418734832824,0.2934141468451935,822.5703234662457,58.68503242508397,45.51706338437091
319.81850206554935,2.571063787188507,1611.2404444755032,55.56625815459823,72.5558939051399
250.2538552725497,5.954332380098764,1565.2932277457653,51.39215007921137,89.5953178919805
271.51535259846094,0.15054759864897913,917.2955745963459,45.5071036647128,85.04632074222943
167.29718471833667,1.3447189572011409,1083.7518021217581,35.09983503515676,52.64252998385275
192.23161974037598,10.924329857706379,1832.3736292108824,62.884181056070226,78.49908164857735
231.17815940177027,0.6950505373410167,1464.053686936063,64.92373210338316,86.84316316425095
255.1877116441726,0.263700672984586,1185.1942843232384,51.85007786663369,85.31821185227741
n/a,4.344480994828826,1542.7599991467691,93.42985109730398,84.22747606556442
264.1766607954385,14.637062249157227,1055.254918624714,66.2024786699198,79.32252560887967
223.83462166879718,8.997690419056873,1247.327667623649,87.78568372949046,54.64957380555237
334.9149198029626,18.399103983804494,1107.0266737671232,67.05554511890529,44.178153310539614
239.66494615888314,7.002436098566505,1412.2885605908411,42.34453044315797,64.39096764229777
271.54125541296946,2.8756632947998044,1410.6364058214822,93.35046507412478,
239.08714710639475,14.651262189510554,1266.9402071979173,87.5467756791881,89.92368422675145
245.34921629614888,2.7811488214125157,1351.2287023930278,60.63278909844874,57.91548415323692
277.3175464060684,2.15464245147197,1541.0246618298052,45.79876296747544,87.9169959194447
256.8994401969405,2.9728110959850973,1339.8797151932736,44.47352505721531,78.65604959504579
223.9150616252661,8.409342924352227,1267.6651433334785,82.39132776580665,60.56454768453999
266.751350392998,12.486529003618045,1328.014636638597,34.49270974433186,n/a
242.07584720157524,2.2133597100765954,1563.6704597556916,71.47392479188068,51.8596545172358
279.1312044611822,3.101783905062028,922.7592220117178,71.60877003021929,73.65222880747012
307.3811060092265,11.429983388756025,1324.7375192716252,41.859545602177576,81.49676016893775
299.6016258155558,0.24093097175515,633.9055806661123,75.8193039482531,88.97202459156588
196.89206059895116,7.65934579185913,1115.1371338023182,75.85140879770626,46.60810920068523
98.56399412506968,3.027676036969668,1765.5088836017403,52.75200638368994,47.797367269246806
362.8810318775207,2.3621797330610996,962.8847342393055,61.41943432660446,42.121973834507315
276.2309257777049,2.9612747908935027,710.5621320066948,84.1296308246846,53.018226275109434
268.86623707748737,2.712361318177576,916.2843076601243,64.00496277537094,81.05337194056554
214.41245587756103,7.065627967491021,1413.7601398230877,70.18021156402344,49.91284283654538
147.4981668079809,13.151802838669077,1160.5574469136502,56.83002728160807,67.39323749475345
149.85129555325994,3.381015974942927,898.0997376395705,39.72394079571863,62.320359900301
233.13557568917665,8.940843193394025,1562.3409092070278,94.87433105621591,56.2913121170068
257.6514896153581,6.582806817930818,1328.179536060174,64.54987381836949,70.9173206727232
334.26120596018086,2.007470905099937,853.0175250394849,51.86901999233321,65.11628946650978
262.1594185468008,4.425339081577943,1133.504554687694,76.3961761895537,56.738158674229105
283.48703128311405,5.495297068303381,1839.7936595109936,70.35341483299763,74.44254425600025
223.36889475177884,0.11889942720139007,1107.1155451705056,45.139038219458136,53.998409551927
227.11005062096908,2.520537465333201,691.7877164071683,87.00015746084097,72.15916698972404
176.33418819882428,24.55723765068685,1341.0267084439529,34.60869089988039,
188.58562182025076,5.07029552502139,1314.7872372087177,69.37038636933372,76.44759895907582
188.09361805520228,2.0341607300825517,1599.7965587168346,61.06275194609171,60.9199779818164
231.8300554092784,1.4385706274988908,1082.4531041035693,50.68289689604593,77.37796606012625
166.80673216439135,1.1753317442680298,1332.5055609498065,83.71470833691572,80.4620908400075
209.43636338995321,2.567825270951033,1273.963231116876,72.65800982880211,56.29202334989877
248.0418951156703,1.073804486982254,1198.0994328427025,79.3674672970424,75.25661078291444
129.84942394112298,0.726205172929078,1297.09825331703,56.95281827189389,61.719809803670735
324.11021042653374,2.2632811220441056,1380.5914502963565,91.25589153492318,80.92612408909343
339.07547235472805,4.669724425207045,1365.0956608275421,52.407022476735,54.76887975876804
301.6477857842227,0.7914581040083479,1475.4095546182684,64.51792008961696,86.88798350122164
269.5940126006531,0.22678251745607703,516.1424086018134,90.68725726775133,68.73934686319868
266.30219698389874,0.1762337529941628,751.3478668078506,35.40728226256459,57.66516569678576
276.5725237564769,1.5556696671102408,1264.0071859491836,37.07267841585225,60.96856343559111
254.30596733345277,1.0544218313957265,1234.7587563869909,94.62220481102538,57.38993066570163
259.0998914261168,3.874556581681726,894.980672559354,93.1404252021179,47.312316792857764
166.94511813591305,3.0414590116310816,1099.5359894206226,80.16060437941385,43.42461984437346
255.8079656763869,1.9634844566741807,952.0523782714307,61.47223794462571,56.08893475691305
274.9325532570091,8.965086324135797,1376.3075600558475,62.89395516136881,62.9345220539095
266.9149563729224,3.5154521864555925,932.5201874393974,46.71883677993331,58.09084697180095
307.40390030931854,0.47996702220820575,1264.409174911162,58.12751734879612,40.69597518336561
323.4657096828311,1.7532112725232354,1507.526192572099,58.0377095613116,68.95031229762392
223.7321222485656,18.122817200507104,938.7156988399122,32.34585123023801,47.240823994547036
193.29171793313458,18.856377474427557,797.8395157488925,59.455283522188516,50.550263928080795
312.79182127379767,1.4696520002641353,971.6112291065915,61.18663655363537,46.037426714060025
283.26295133733646,0.9150257247049924,938.9936047509862,73.27590632494108,66.02163650142585
221.3637326553645,3.422802223783984,1212.0987143194495,63.569439370199035,44.757964620701
238.8317919732225,3.283737966819435,689.5944436192468,86.00939060438817,52.81786245919564
234.80203430241636,2.639330687847756,1681.8252202931985,53.891518640718544,62.585435880999654
263.5412174477342,3.7682795875797,823.1169104948351,56.63164342836414,48.38544425859356
321.83264880306734,1.3210998865582444,795.2499929547687,67.14636338764484,62.31206808509165
205.22067571311638,0.6104389854881274,1218.4121033038348,43.17697709323316,57.136756285869595
264.6320497630482,4.225219028948724,1163.1070257031586,55.57737556284427,83.02985886848029
262.79907884159996,13.485402700878987,1611.3851117801767,74.6008856639663,79.74516063141446
150.65248922066547,0.7410459411063126,1117.859149579956,56.767568052862266,89.64272917327658
375.2418043371724,6.100760331663386,1114.4937422325647,88.93007315064725,66.44558664827238
260.47191604591706,2.8803480784957487,1394.294588113093,69.99453386112879,68.7698546778775
307.82684315963076,1.740534415071432,1484.2428193706933,39.994903744888674,87.33229240578663
169.10700110057974,9.590329753064559,616.5690609448877,61.68388216430849,59.979610734375925
n/a,3.0485514554865265,1219.6402595519164,79.71061846372478,67.78413422540962
232.37975841009876,4.377087862130118,1846.5221600296913,71.81743574492485,58.954274786273686
134.83313088402946,2.9264554895662243,1012.9929911054987,87.54213228868778,67.29303529490464
178.88562160151997,0.4237038656476877,1245.0608607900076,78.74888827397008,44.038321625876975
188.56779553479723,4.518164492883744,1505.914444490425,34.004895219642634,79.18970466718656
211.3303279569028,2.7136542526256298,1345.8765223155226,37.3133222004801,
185.50914331369913,0.4537642345683416,884.7500475163324,72.23366542012138,43.2870201219777
290.5225683936644,4.529372528268309,1179.7777663053764,45.49651730327601,80.05198651157372
258.95079863045135,n/a,828.0305095376928,68.20926867155043,52.086740024751684
275.563787079038,1.1692557950026814,n/a,81.49414348610847,49.87735266384907
271.5020918279925,7.595005598504732,1532.6570694613852,67.50055320745838,74.66851991367282
237.74686468241214,0.1933269461362137,1456.8588508234234,,42.206612427829086
172.02982051487646,5.201935276194092,1735.7745151722152,72.00757022232673,63.161967362618014
174.4349564201189,14.949441534927782,1477.130553509613,39.33526387785106,40.072223295766065
176.55923966852995,0.938836539117946,1157.4020599497992,77.0085197077133,67.71970143232369
195.40170798570045,2.6987999052015903,895.7495291570958,75.30663239128144,63.104083386581166
334.67094098393903,4.284189244566435,1619.1733444674169,63.43621872189879,85.77413033403363
175.20828064455026,2.9929667857309243,1387.765404653079,48.1228771758562,76.01359513922077
323.90839761157787,4.842892157617122,1439.9404535494682,81.84164613093375,46.300308593947065
197.29113802363992,2.588391290683167,1371.985158853729,63.185769709821116,57.726997987597365
182.24185022778966,,1555.893464475485,33.84649888086547,86.57898848394059
271.07850629617565,0.46630538229096735,742.876895367813,89.7098158696429,76.26670736370448
313.3614978790612,6.821552066839324,835.8345130654932,79.90156837164798,69.71375574931446
168.7855930663908,1.3631394505730465,938.4596518745215,68.0123345993743,67.95357953934509
245.5174169984374,9.401324590393394,1309.2300228318045,58.393658623388575,59.904923320193866
309.355522508648,6.793926033974694,1062.8146030200915,92.39348037270989,69.26007313344888
295.54443906147935,0.25358932274983564,1538.4699583120234,80.3763373272511,78.58322074337951
172.75499785426933,1.1232929737139965,1195.0053910466227,64.77454937364436,46.376883817818374
239.75396783698406,1.7265040662557967,1895.6174482437318,72.4550031869526,88.49153198240623
169.54731242818315,4.512953151850569,1714.1074255929766,48.24877611243694,51.968243454448725
268.7064326217735,8.29910548220305,1241.746371760217,42.72153627867751,62.38713407186874
258.27612925556843,0.31114996670919026,792.5361524377029,47.765770574765114,41.1357812323891
278.2539022766339,1.4358040541931945,1406.7093528834791,49.05384645337724,67.51729614792427
202.2485731014297,2.3597056239308505,,78.0829992915162,59.09334236308119
215.04865961261274,1.012889621152699,907.6497554590595,39.103967646750114,52.48779361364991
299.42479849892305,3.9405001936260975,1081.7992490704944,80.54316811164912,89.27621268911778
301.5488498900085,3.250462204196711,1076.1153711735499,64.02069536847881,61.40705713361372
333.6133207930334,1.9026112345372828,1365.7886552770556,54.99725178449212,60.71481817969486
321.0540296531484,3.637522320883686,1298.2158571509103,49.52574712358977,63.155163224048806
167.56476396978547,2.1988975863336933,897.2356482354971,63.358039295539086,45.807688953308066
311.205694986322,2.1018334420247338,1111.2867160018288,50.63870007095321,59.65480549074726
248.27684629535176,1.542115271752389,792.0595148252514,57.914379507884156,56.820212955278066
286.37434361209364,3.887406370433455,1320.5573515907072,78.03599382935272,63.25622293812772
233.09507233858704,2.935972751253959,641.947453871463,70.68990291295478,82.8310583420641
204.2510635372917,1.0928002588718961,1129.5786548958372,78.6188544707569,49.63926972795534
235.7643981972171,0.06525528322882002,1006.1972675482023,76.34328982680293,70.38696628598113
253.22871763128222,0.8180655254064005,1363.6431853918396,82.97971206598992,41.88185448759641
264.5057121398481,0.21889536131268858,957.3133716516318,43.10984738093634,55.83962510500105
298.6815814919196,2.8246391537645428,945.0055254742149,94.68299496576458,63.63288095463462
198.11369960655168,1.2750861511433984,1318.92792653529,60.92507924165179,
193.7622496438791,2.727562699183403,1334.8783426644798,76.68514097525659,67.19839673117505
,1.9982840949012046,886.0868822172132,74.0537605950859,55.516281053604004
238.89441938252753,3.861112230886954,1376.6290106572017,66.79975550010684,89.64050067961564
206.26962058724536,6.43436012621836,1937.0167731367014,94.7280542093814,71.54847510928357
233.4448822552557,3.2630399362059244,1058.5424307284811,44.12553022639763,52.20875980078587
n/a,0.31985640192052023,831.4586199835258,57.41237637313683,45.133662272376775
160.86900283836388,0.0883280170120098,1216.6334985617448,38.30248634965308,42.03598896857697
222.2248133256003,1.199104023436991,785.4751390768561,41.81930567886572,44.53866321876058
268.134466028327,2.766643687781875,1122.3789294513617,76.34266413248983,74.00297635144668
253.44017832785033,0.22972248491142058,1048.486447594979,30.3147741196132,82.749613799717
231.2952849530767,,1407.6816179774446,87.83834233902729,47.83665573555389
248.2195088920761,10.90297494824783,673.1039198592441,71.15699141246236,60.10672267763772
236.40383729396387,0.47165791411983465,726.341089305268,58.65882849156145,57.711767159794576
200.18263769750473,14.832470503792734,1314.5295708668875,51.538471971050164,72.22590455940363
191.7459647098243,9.71309001342375,1362.7308655869258,38.207813158994554,49.133894086183474
384.36562073302,8.912447522526675,555.8657750535518,89.90156811950189,87.66596552237557
281.4327782006933,9.962962954867207,1656.2459054736466,76.30095112729194,76.42781909453282
304.0653996436667,0.41718123288103204,1462.6976334144197,51.86554493019267,87.75359394423225
280.18763266004083,0.8194705141278202,998.532891983148,34.61085166364033,53.86846224766832
319.6495154256985,0.7215025834251361,1228.6697195561333,51.169384050166144,69.38578189292778
278.66465280826077,0.5896504178134744,608.7395031142048,42.00122916259042,76.61339685551678
144.75519684494853,1.9853364896437746,1411.2644105741715,81.1077653600286,75.54781113838669
208.0862323677459,8.866167192482806,946.1198934398342,76.77391450916338,41.067304971418174
261.8131968478167,1.451508460848156,1093.2147841461833,62.38044077599013,89.91445817449426
260.4493142263776,1.400035859910222,1167.0342745806774,87.57967170091555,86.40299863843924
256.5708057110241,5.633342404117693,1562.473496620453,41.74424472904046,45.987604063630535
194.2125744810511,0.5097489281728566,1340.1992468077633,59.37776305317715,67.17833871475852
221.93347116884962,2.233623432098749,1092.1369117791685,76.19031975766782,55.72782276597081
262.3779777423653,1.750811748140593,1023.2194422433461,34.40715273171415,83.94470079621433
251.81501077871124,,1267.6330876242757,54.22402845815621,74.87598152940771
288.77332995533624,3.6128931141028193,1174.3460893400013,67.15821214184172,51.175857836619656
196.25903139792135,5.198985065969728,1127.4486525128361,53.84223001790654,41.69305726836454
274.2947826368002,0.6907636339726593,n/a,61.212934302728804,54.5870901307387
221.35547387273425,13.219624021781286,1118.8684406275781,69.52769270885966,41.906863640391904
232.19609936696452,1.9463755375214207,730.4136719084566,53.945389921673026,47.06553564991812
247.21091076888567,6.13516389845763,1182.7354214644802,36.890933134960434,71.80690208068557
163.42781741348358,15.464099951917829,1193.4747106576824,39.063892327238605,77.25425340590124
256.35645117013166,3.5529812866344694,1239.9244341267165,64.2552580210228,63.40084500028797
312.8850979825241,3.5416620613527665,898.9857673734482,,70.01439353470643
189.19648407084074,0.6235629558364313,960.0300925448194,87.83918868935328,47.79425181330048
342.88809277344905,2.4737407785877057,1691.7632797835195,,55.83975852663536
217.62328073464823,9.568447144754805,977.8195061472452,52.687084485391,
279.4515177676993,0.7257445461274423,1352.764338968992,84.01416617967044,58.24455580425475
183.83997713735522,12.475035271484119,960.9400466991915,64.65720897217116,57.440561179389476
357.9579044508366,5.5027119664109865,632.67202270433,40.33831035919117,49.699631851302286
196.9897713590472,2.731917171571486,1168.83008627968,69.92377054518604,69.74124380326207
260.35512068500793,3.953782610843822,1383.8385543764073,74.16432261906643,
223.1999268212674,0.8155167231557781,1099.8814908311383,35.45295260056031,63.47225143028179
247.50503653074847,1.2262000308652101,601.1364007353521,50.43945087743248,45.77696282355446
255.6048529590609,1.6872225350813495,530.0183838705968,,81.91837159547248
233.69049291345294,2.4294141406173173,1546.0805429420557,50.56787221814821,43.56985523007667
216.0103733527119,12.356320371384005,1195.7234969078625,51.80394663975117,63.58636866006003
247.63946310847078,2.2909209735765486,1382.145843450155,70.96356074064052,53.05386680786232
246.55141186538222,3.7099567549937684,1269.4979506195227,42.93781317719573,86.81590781600423
266.19194519390425,0.8838419893153997,854.8834247648275,n/a,76.87715989742698
274.22339244323337,6.658523349106659,1123.2552887242775,50.51624467706329,68.32044914839602
290.54982304750433,4.1080952459957905,690.8994989520372,83.66527050683004,73.38777203446782
278.0821930613049,,1483.7389038657443,55.94443836125869,66.63636314062452
256.61119993956333,14.704938934963888,,56.98109503921128,47.3800472609705
237.1748500367367,11.066046257609328,n/a,60.48679158502915,75.45493399982692
,5.3868662960537215,1587.2015386726182,78.86627400264912,64.63369761347457
257.7663555640666,12.743221452597313,1093.096244060622,61.20161800460717,71.7154635661367
304.72366064218255,4.159538764098098,977.5764223533196,,42.2600831988635
211.64812366255907,8.770502327867415,1168.241182777452,43.415986973977226,47.101739628162655
216.5927410116173,2.6335909223020164,1580.2856211222575,42.21332885451738,69.46852379659951
315.27262881588587,0.4536962645431444,730.1286960584928,63.01111569628182,62.97144515414747
331.62449481868435,25.705362703323335,1206.2041532249402,31.94541522923964,51.3436834476827
208.25621968357984,0.9054007632346007,1441.489469259993,48.43507955332963,52.03804602667774
377.5747107339143,1.4484874385803106,1292.39329376164,69.46767116780596,71.58291562779712
270.87460585732316,0.8902736996371018,1521.9417947451864,53.05229390955411,42.9483513464537
296.17279707336957,2.058519026705797,739.4884820871553,76.0012902972234,61.71291721117866
232.39303352672704,1.7073846321612096,1526.1853252796232,55.42938689569138,66.15517523633046
262.9077274540346,4.595250784805777,n/a,93.65173934455561,55.4071301371167
271.29137643854483,28.21816312544472,571.4587036010731,92.74815865879043,81.02749142461681
205.0232617326978,0.26968949655965946,1101.9576184569223,81.98964644019844,42.838479128442174
332.67489557753305,7.535379488049786,948.3231286149261,92.03538432334823,83.28913926234753
248.04064896244918,0.6847829705715232,1150.7749291134191,43.3105857051481,76.16314964438854
224.99509184561492,0.10017189636727376,744.0245383503895,78.81000577676211,62.31271894665984
192.0592989292844,5.088528818716503,1163.0428599711784,50.907811165764706,86.22336951062539
278.1176456861415,10.33026697582326,1027.5281260472239,77.14413073129003,75.11191482473583
262.79437411631113,0.9697354002830165,1796.3764296151785,54.303075006157954,86.55226748295219
201.21765931269113,2.0898178320745973,1252.1392823240617,48.812342883372054,63.62948897077831
257.0044772713079,0.9241246634700034,1268.475086536864,92.3216811894079,62.6486550497693
274.3951368887692,11.849374005379751,1131.5654161425618,43.64255371412948,66.53713157230894
230.25104287216678,1.5760230490472757,1574.256847412851,79.30695864942658,43.271335199290135
268.67700511905144,2.941349931070169,1345.5877401454343,73.85369060829609,85.4247125668318
250.23662428163226,11.256669620915043,1653.9336461697403,49.72604671752418,73.38585258209254
239.0192110925509,4.024520590690938,1516.2888438220803,59.792296136998175,70.87928389546843
202.000269526117,13.50411694529166,1084.4402888120937,39.2913012350814,86.32317682352817
259.95252998227267,13.048977347858894,1418.8705668063635,89.87855928409698,89.68185888041933
,3.09577697479122,1444.2357426101958,92.927787099283,48.16966953292385
321.9051070215727,4.3659480355279525,1483.4184480882832,77.61009706383837,77.44984924525119
,1.308864975642405,1320.4219086880066,85.21232234912094,68.99725872441931
198.7745582228183,23.301205031869365,796.946006755908,35.370133002085716,63.04985942951398
178.0545024625671,1.6308441206252722,1191.2381738744632,54.957960167165446,88.88063008235727
308.4613149141106,7.64636809109218,1233.3325684343874,51.502722467343965,82.51315055775567
241.69388628676447,1.876879758048655,1221.298331391446,66.72185176523948,74.83749920467346
252.99190686014245,1.8774125276108313,1544.2158254665424,41.918094153822,59.13380835950697
251.19422234302309,0.5483094705765449,1007.0237636434998,66.61978584075484,73.30204020773422
184.29778863981403,4.103718932284417,1240.8299618378717,72.53374876247824,66.58470617797018
289.272939753586,1.4040774284117936,1179.1258750750146,38.60295097072208,52.46842248713494
272.4438271204119,0.8031609511254401,1405.056759171286,38.56184607625386,62.5190661572837
250.93863606706532,1.285225695014546,1743.0441049890287,32.30252033980482,50.61059840508562
136.55510983031712,1.4457033922626852,1386.761156323477,79.45800922556938,65.02101466025923
275.1804969333963,3.506738123598208,1366.8699644976864,51.51555489452231,76.01190379725602
268.91016959819046,2.438175055304874,894.050657749206,44.65232962341214,41.832311190956446
245.27990499983198,0.3924585776219807,736.9203851481514,80.57613567793987,78.26898546593259
298.26260578564495,3.8396616486098583,1276.711862526167,39.31161985582007,40.999699600417166
306.4477257906963,7.74989223606915,1144.0465471693196,57.76692276132482,65.86388514796627
266.78430660786256,4.269340530051549,1338.1004402394083,78.41113390870427,68.67383535750817
174.39590139442458,18.3532829683493,1016.1238759368333,67.29910064316647,78.06217298138955
186.73357318890973,0.5220837398693617,1620.8760928068828,66.01000932700751,78.05144116704085
215.1144240056996,8.60610439412877,841.1468506155627,40.23512169654163,60.872772292145314
237.5706845228039,3.5229891476014537,1141.1969043020943,41.76062730925817,43.31862554492173
292.07692396626646,3.6864899800723676,1082.595091869907,67.86632160413316,74.67500763879086
266.4723501979074,3.6604789740327632,1529.3093611078095,31.531845970242905,65.54930036962091
241.71221476825875,1.9675751866855784,1130.6647030771185,86.49266928262168,56.652922833155074
n/a,1.9619178357452123,1026.5962814512786,52.78060204166336,51.743689137649525
211.23035565738957,4.996249468794547,1224.2107084248157,57.08005410612626,45.98791065552379
281.3462078966388,0.22898992429229625,963.3083134185183,46.79810175761901,54.75712486043027
261.3869704153598,4.443208144470805,1193.318554995274,86.98362145210172,62.92448125626465
276.16054986997955,6.447484951588308,1161.0763144779653,71.76276473238383,63.88045840896261
292.3124113103631,2.20281674082059,2066.7679964252147,59.24405048727934,69.1369465707393
247.62107527819595,1.225392741532813,1061.2538906924065,68.04507171788318,58.123428467702524
150.4465848538901,1.2000939067183183,1173.1870361428028,54.724023738400405,85.99489346193982
217.0444928421271,0.4269161702765082,1265.4463795262352,60.26286108848679,64.7934806541309
289.0824296840331,0.47001143298347114,1281.9465132465975,53.2460925719285,61.18625200592278
221.75693233108376,0.911734994755574,1512.9493550002999,56.693861623704294,42.408398417574155
216.7777986168381,0.09679544414029573,1776.3764234670848,50.473475360612966,69.95075410664418
253.1122183678839,1.5478351025333041,959.6839777401175,35.04667004049143,70.14344680333593
304.6692275888431,1.8293124542166563,1331.5939244256933,32.427508080605975,69.16448150153515
272.9006570572403,26.717884876284927,1150.6764449977743,41.31690327740301,84.37984588041103
337.0390058407455,23.950117318097227,1299.1031369434018,46.356453348867475,78.1450416294645
270.07551199686196,1.0354212672488559,1533.112079722657,87.88067093832936,83.37028097962134
268.1430927207102,1.197839465110571,1688.300009444571,69.7311625440018,42.97112784549653
238.3150049467688,3.385447692331167,1462.3928370960023,92.2893160255594,55.9063216127421
172.43056904809833,0.8054487782536052,1294.5938221245615,52.077045912715924,55.93559718473524
257.36490342329233,3.506294036727598,1507.9014151266638,56.1129702470284,72.852252888431
252.07578550077622,2.549044910315642,947.581098200273,76.7839597933407,62.430752435225514
283.1781830761838,1.9624203209351043,982.2640889566646,67.56363504621197,78.8736301626021
265.2433802405463,8.646886786377015,1250.533765791627,64.31220522483639,59.221528332784736
n/a,8.804726693477896,1549.1328918483757,67.41166270165513,51.08037886562044
306.7781874600794,22.068398539148642,1111.3144400373749,67.96879529796988,54.54755341471392
236.9435912393278,1.2621416899074402,1142.876437863132,79.77312757329454,49.123486307540716
291.930149614686,10.9586856760896,605.2804743996655,73.42533177547558,49.894634588145
314.4248130748597,3.8592847897004208,1916.4937544611214,92.22542616433444,50.84194577153257
222.3199751536616,4.475820291546044,1131.0193699902222,91.61759617366815,40.80473557536123
229.59458812469137,11.330938651642079,377.63633042471065,57.424985229084925,75.80440173812727
211.59497681651231,14.291238209532873,1250.1336213930404,32.321969618274174,59.98011711355677
182.1252420322458,6.4879617947252886,1341.8627352164415,30.719860844217273,41.13356659409145
342.19220661611877,2.1373453872076382,1131.0038845495524,38.007571317712056,58.50037722329201
409.2547241079923,3.363468822113895,926.9433564797896,34.86833092837621,85.2684063557706
260.523956191805,4.773259305581253,1469.3468231970116,54.26879318310645,65.56221584837223
233.46847179421945,8.819944498963135,1434.9453421027486,33.43684892746019,89.33760056731754
336.8941759108986,5.363958226780227,1357.8159759787968,70.61941234891268,66.9979715939028
280.0512291495348,2.274177184117556,970.7304848687681,42.36132468969302,88.1399499525532
212.29115558982397,2.7053972115529663,1017.373726164499,63.407745707023196,50.090036440220636
206.08892094557876,0.25877069774540956,1094.8647091358214,36.70012087119279,54.49674063596838
290.94376975305596,12.902763218708898,1075.6585361358525,83.80238927883897,74.99850550898807
269.1566404736376,0.46122897247551065,1387.612276766147,80.69732383256553,89.34108084997233
306.1162091599978,4.336678985990462,1081.5487432050018,n/a,81.2648705509688
,10.265045144363452,n/a,89.18856661416297,67.68526383378756
188.9689284379017,2.731100494030108,1326.9593480333951,42.07054200204952,44.257630717945766
211.3186036079095,,1912.9849971526537,82.90588583884735,58.2189554999897
206.1081689797992,8.143513452710975,963.9501866800146,65.48060323448146,44.32128502982953
260.8509651398079,0.3085581419598159,,51.42270443941813,55.56406809332522
243.83704845804914,2.6563639623829727,1163.2881045625281,35.4834607696445,52.939605033266226
227.21650975243102,5.872482433369975,1426.8956821907468,,59.427764831835916
234.45109353738803,2.743966024017311,1369.7148026409639,86.0860693481197,81.86382949949595
283.7013377634417,3.939127530104298,1164.5437189181646,69.44759488746149,47.518833565519
240.95460239804638,4.512652998668155,1069.173194295422,45.41121129577247,55.30319744268038
215.94802641422044,0.8198315100118092,1829.7853241320877,62.2304370346117,53.05586221608038
184.7377894557349,2.6549818463093118,1543.1825370129804,37.00938353864072,54.80708235684539
204.8546488490711,0.14438076816603795,1720.5682666555438,36.424761958458525,58.03117374035461
303.40912203891827,0.8103956205161166,1410.862460975155,89.00470235641593,52.21558749668192
216.59033280252604,3.5898031518633102,1171.9624159648702,59.7606588020891,87.12906361115616
340.6872912688743,4.261722844075401,1319.6232734697558,53.5018650068239,61.00508569563273
281.47833162349207,0.7904930182840131,1741.9955771351779,91.68966873187695,45.70566325986341
209.17520587076746,7.045139509081419,1354.1588011439314,55.935044109466034,63.38293050136605
219.36848811543746,2.3339471047283764,684.5042187768931,51.855738323482726,49.22159509306793
,12.669429675341844,1620.7021959624556,47.744101125259746,50.806532125066
228.011685169079,2.4523602128133617,,66.7290833485612,54.25207088224164
347.4263021222906,0.8114828677658315,1571.18471584208,66.29668849792125,46.23799280129734
331.6606207989441,7.093477443542304,797.190080945162,31.052621439802504,76.055946629
330.4201261156514,4.194343434612353,1316.064367588663,72.51405105722492,79.59732373656244
280.4629603628026,2.444408872907714,1507.6145965916548,81.23996169671949,59.71424609578
241.10420202741383,2.19995019340185,1204.787096334461,70.03769525797532,74.44962697167726
254.8903225425491,0.8171200686811575,,86.54272898846244,59.44771450853478
277.2357750304759,2.083904156481748,1367.9885001029825,47.96706346738394,48.2038661818182
249.1858120833938,0.14891646322657365,952.0811807251864,42.47866117996826,59.858403066563916
210.69578637760333,3.489812920899306,1341.0024155736821,75.32307609829829,67.84936977408196
246.40240174298387,11.351738814499935,904.3098856640713,42.25634164302128,
182.3622198142142,7.931801216189442,1169.1917791072747,35.9218171593921,72.7242195341185
279.73748549272216,0.14467914724868267,1027.045300773288,36.27997945507802,77.13039845023928
204.55732500602997,10.65410898948365,1462.61810214985,79.94557705967168,82.99851288542806
278.48372896092894,3.010364606086044,1400.6462924837974,31.867924608426787,45.13852801246535
195.9913576163921,1.0591110598981146,1370.2137292023285,48.814685814548,40.00467969291362
241.6862893405933,6.979945118645674,1284.574636824533,38.39711664636499,43.66331845110812
263.74976660176986,1.9494862193057572,1330.77731012571,79.06915954196784,86.2058401893054
241.7998541022676,1.4605822699369788,1802.6472943057029,62.72705056224396,78.27778605206305
281.9900043971065,0.8796207601653396,1597.298883718228,43.35700694234837,81.77178233805836
272.38470656780805,3.3337134084678146,911.5234057873174,78.77670841233237,65.85068985829861
228.91118439518607,0.49023660933316504,1039.760980075101,78.77382309398061,66.33599372819377
220.50213796433792,7.699865440993535,1137.4100872835843,63.99647205946229,54.92527949195922
216.9416392250415,3.180759346396362,1127.2951012544122,47.93023615858863,82.13765259840818
209.7550774098463,2.9617731623602124,951.9073998409067,68.1080114520444,81.4884791541892
354.8557320913017,0.009278385929541333,1376.007064966154,90.67945654902246,59.60856728610808
,8.515004256252235,1181.6819896202794,33.35636519570422,56.463353523573694
304.6052719879238,3.3946147222786105,1265.2575244948584,47.3517400304165,
258.18678100404316,2.8981507774619764,687.2004847703436,48.52299770052407,41.308406916896686
232.23141192349001,7.164517119079244,728.1480620833772,71.06775813301738,82.9974449259194
259.7076637489799,0.3248186528355021,1037.6416854056058,72.32568578302657,62.312399465708644
262.73128509381434,,1382.3856997174025,43.410500671341374,62.06721232714304
162.108864900985,4.286972809601949,1343.4080809930292,44.04653884806319,73.45389236936973
246.11480728024466,3.0862813622004164,1502.2537144186083,90.33382449374602,72.28746801552657
250.31962328655717,1.0022579243752114,989.7750699929115,79.15942314808271,53.29870330281834
233.54621176879377,1.7782095861894807,1405.7035095059614,90.72753040456178,87.16393022570483
143.85508652510055,1.7848074795800946,1659.0677939477125,n/a,89.31649896663279
233.3963040476598,24.123353633919436,1477.9813216177495,56.1376687171404,66.29945071480925
330.67576997329655,,812.2893440725475,37.923996394935926,68.06903990851735
277.52700047561564,1.1482110002082524,1532.3522581765164,70.92077380668795,67.71589817118118
197.36884221621597,8.6477883114634,1297.8887128042327,52.87941904674753,64.28937040891304
294.65937643144974,2.733743111840763,1336.2445883525484,57.651779388468206,87.25935268389128
194.6424277642647,,1948.6737683564534,57.68218316136378,52.23762244887061
263.4449372739742,3.9802099539108458,1273.9761472312623,90.87377540817383,45.39790881276945
263.86447515569154,4.527856915422193,1389.3633669509761,34.47605724751858,86.47736421624157
231.64707111449766,4.464770806226398,1228.135927985513,42.55174449553299,50.65191571055763
302.11231735497057,0.17554444802813912,1127.0212044280079,69.51628661597124,77.4577676771043
287.68368366542586,8.541940449690129,1309.3741536302093,87.44427428264808,50.193665461605754
211.2337693571054,n/a,1068.8614328942995,89.66627237154941,88.00930078111794
235.49621662725923,1.7289726670772092,1243.6516966777383,66.31504022347046,79.55608851686547
207.16399980456706,0.9523504506234575,1109.4911143959682,32.246479224235784,85.93590860574295
221.3266114968743,7.285229409247355,576.4911117092836,53.587267232065805,87.54924100558296
282.50629884242767,4.381241116876076,1052.4785880396623,89.72416399122413,44.22121921344999
249.32563413092993,7.038532931762259,1486.6636649753468,,61.66944279124738
301.4715747028931,5.297896505516549,1355.925503351823,77.22986314692648,72.40501685141547
170.96500863752897,0.5499596451251001,1129.7210227322832,47.49757232921715,80.12280520631154
263.8000361198371,1.7940988969233926,1229.5738166918154,31.625453071833864,52.07358722072012
291.5591521431701,3.5389204934966196,958.3604895279703,67.59341210483457,85.73024296946443
255.0700214488932,n/a,990.6547970412562,84.27376528836733,51.04881645490673
181.85333977254692,1.1615768230177783,1202.0048350920758,94.36746529785387,83.30882007703434
197.5001833651578,10.193877408741166,n/a,85.03076200952671,65.6356289832095
295.42691036635847,6.887340640137256,973.9293924589482,66.00963355087315,65.77110859350948
223.3519699132032,n/a,1179.9921726269993,69.56729327203496,58.70028077409956
211.0233993291024,7.241111865766271,866.1981359807146,83.57066259162576,45.17526157093452
233.0590481205456,4.938109601077373,1672.2630011525664,31.28769529379505,57.35450315597691
237.33783032761073,0.018964588294516173,1468.6785925685804,91.85688263264018,61.33683574912365
309.31017848550096,2.3922925643625566,548.5138319397943,64.52938098013504,63.95105282764853
162.74160262222352,1.715885816804181,1451.5756122203245,91.88339589184486,76.95476452050667
278.7915183745486,1.2289184661249928,1088.1441686067021,79.69368082775404,57.603505523252934
323.03595987875553,1.449017566056356,1035.9949917122817,39.90064910995559,60.32964301569932
297.2663195830516,14.2681129746542,1425.9040384767973,40.74188795157578,85.30493011610596
366.189454232095,3.330745338312442,1157.0800590685328,52.986988440826366,77.62836473167978
227.13480842285765,9.409801322380186,1083.8591830490586,47.15922142582683,41.142788475189576
294.60897343038783,1.2053739986384728,801.4089790839525,58.5544193543392,80.60443788615189
245.69997218546015,0.9582474327488297,1474.6730219544256,69.25375160690035,89.49719621751797
224.0556139820106,n/a,1510.9548419127286,58.37766746663821,86.98838706839109
138.9969249307637,3.422966207996567,1248.3932460608771,33.66733800596922,81.79779497480449
226.76175425781787,11.27622395933715,850.2404984745315,93.41605498480864,71.45868736686336
303.2542798257713,0.3255139501834337,1290.776863571391,57.63293872308772,53.90960610826305
164.21683265535307,12.41068377802478,1392.3206767170077,85.31987528091183,72.72153056900481
354.88211606200946,2.6845247307270057,1192.0356835887467,34.807028996974886,74.77962354379322
270.4902523400482,0.8442859721193776,1464.4711428414278,82.65421718158433,54.07790805153353
194.72710426241608,5.750307282888017,1250.8640876036125,41.27130145123483,52.76648122042198
261.43186350077934,7.970350110865808,1291.2282981413555,74.16132129480253,59.846192954613514
284.3385458945294,0.2426683051482283,1644.139489905296,73.01743525658087,72.05734845167675
225.55589562683915,21.78997829480359,1052.4490813782522,89.13743668734587,54.6531134641187
218.80226189172384,5.970556072136134,729.5783778410756,50.843984222798014,67.78332610892667
348.7084906815032,1.9386318079372766,1149.2937905960346,37.082384394516765,84.96187009270915
233.00579817373176,0.8202110083538934,1030.8738440570582,86.1967780568919,54.75501624396247
242.81859691623083,2.492274082544915,773.4355208466332,51.552539426623866,88.29868680637558
316.16897394502803,1.2459341411592677,1386.5610217473009,45.1146962889305,63.66739893366078
246.35725467954754,3.4076073449344464,1200.250167511868,61.60355977924357,45.045416882294695
288.2263966963903,7.613840871885367,653.6472923183702,39.49881985076634,42.75196968647868
226.41024376273904,5.395966159195345,1663.8539388967397,49.302617949677995,56.93372571496575
215.11372921896867,2.862928085452209,981.6292387946187,55.04324121420245,52.93794783649365
269.0439592095158,0.6331700266631972,1015.2352250186333,48.02159407691951,82.18566636016261
200.95053128901966,15.751055979168694,1482.4726869780166,59.26686754830034,76.88192107084782
270.35679846114306,1.5760922140338058,1328.4593940976624,55.00229369846811,84.22731434350291
204.11478309054283,1.6275050275235938,1527.5623995196836,80.34841702218897,69.46267491059348
269.8793811918853,5.185266002785954,546.0004124701403,89.69656400010615,61.77286237952504
311.7518763125186,7.359470884636884,1114.1900608291455,36.560009088610414,53.52839640428685
150.32738842145176,20.723801309258665,1240.1608175195431,83.51466532387242,69.15544172116248
229.44166422863742,17.395404462417837,1590.4623100170172,90.5651285006258,70.90123891180765
152.01422291475797,12.253136252989092,946.6013012993793,,59.647378187093324
235.33382222968086,2.8574234420846087,1097.811219442546,94.76727895109474,86.82977109136951
266.8122351651131,0.9116257425407127,1242.2386590621197,51.77779497821798,71.9977294174758
232.99949566175616,4.39101680459414,1428.418397269451,83.97014620302275,
142.953432105663,0.08703567219656634,867.2149067213553,73.79066280399778,71.0195373684478
294.940951091839,1.092327794733076,1443.4947469283993,51.022871167834744,55.826839266585246
177.0133753411326,0.012663005616616752,1022.9733758986752,75.80397142817245,76.83095789393501
291.7811422276076,0.9955235214924947,1312.6049401590906,63.12541953874126,51.512726544183245
212.66050094980343,3.2194725063237843,1142.097748924629,,n/a
206.48312603077062,2.4988045793297524,1282.4867123037932,41.30217935661508,60.118317150970086
250.54216278388995,2.3045975944078583,,76.37092503978013,47.494243440218504
303.312114059359,8.887888456568664,1583.1033789256028,76.27548005058767,60.66202877639464
347.7792748283806,5.619593631980251,1129.3077505088038,64.50029446249317,55.51404147270448
229.4912215861089,13.778206747991158,1109.2900766448456,62.59201837305356,45.61110408542107
184.90067789027847,2.9470096598182876,1520.5153619742516,41.702498969776016,81.19141143299294
267.2910658104296,1.5888488442674709,1620.08859994695,57.903597995279824,64.92912782172914
183.03999054929648,0.6544432275566087,1081.1187904320464,86.64083886702156,57.31781361357102
287.1873121928457,5.574125987582963,1407.7030833980339,,65.24821248514755
272.1780913587512,9.21761453284028,943.8360996540684,72.95972861752642,77.72915587542283
317.73843954095,1.0151078423773743,1409.4510221045166,94.82818406803266,40.91476966096248
302.67665335680607,10.549616922878304,1476.0314037033327,88.05659253482534,67.33758802868105
256.9787962167171,3.7356541556180427,1117.4384503774338,,63.957539164198394
251.55883710137,0.777895518517513,1533.2516894651048,55.943866201090685,84.65350957575367
205.6368123720687,5.148183635279436,1121.1880854765254,,67.79858293939068
204.63884340117465,,1207.2103560556275,60.29582506789821,46.86614212695336
247.93656429526678,0.1429416351854636,1317.338449674404,80.46488360841408,59.434160764257015
196.14039835491874,2.5478254655652526,911.9741838000227,40.126266145369364,71.05346860262927
236.60931286381327,7.680658286880176,792.333575388348,87.22743210729371,42.29669035278924
226.4733860481861,4.053168526898766,1283.9357747617905,66.9887408501329,84.23245486988066
279.62782024518276,1.6567149524579305,977.4200222657604,78.68138956182094,43.389117035647715
248.87864675422676,13.200212510470186,833.7839482839399,32.93512778699402,41.529556392318675
299.74975609362207,1.3575939450505212,1430.6991799203095,36.099479967806666,40.10077870501101
234.91138614434567,1.456683759539644,1655.0514287429419,70.35597711584792,74.18722458164274
n/a,2.189729827001643,1457.1795090046687,84.4824743403712,62.79600436113341
277.4531311166668,11.2470163247127,844.6249922218232,86.80123049413913,45.140884711455044
243.7986717392342,3.542577303948355,1253.4785375269878,74.7440061423603,82.81042613277805
236.4964711041324,5.731335670585825,1107.1580386444193,43.061016809577325,50.136013704620325
228.8946365540992,18.70384831947504,944.1532473212984,42.67641145294529,56.316207948553455
249.42434471027153,7.646121409744219,1225.5378871396758,87.288578578215,48.88607369241385
236.48123145998224,0.9473358417858637,1179.740665979784,37.360300058622904,86.33781488613035
275.84074760150946,7.76419938021413,1130.1958344121638,74.59460616705097,77.9033391586018
286.99676432849674,6.89832490501833,1496.4333578417252,64.67794453738846,76.19766983221362
231.47958607235023,1.323846234706239,1589.96031804529,57.39230624891056,42.19980150363966
349.98318005671814,1.9678049521926575,1103.0203109030635,58.62174680065061,66.13508521196827
221.483547243075,6.191583301140573,1146.183066037413,91.43847857778738,68.77262183723703
250.90083816608444,1.3616236394154586,1125.740019703484,85.99380799330476,59.12604200413412
168.88370375409187,1.167149303588287,1354.4791892531132,86.22395115231349,56.08781251488237
244.77643658052688,6.078081169170938,1299.430937248419,56.43019002933544,82.59714301093933
239.821730537181,10.626191650789503,987.1245513490264,36.95377856792498,41.1508295677266
247.5192249636589,0.3898978844975301,1161.372947079727,94.85956315264664,71.26774241385334
298.848557994446,2.9521203162309146,750.9188150293946,39.4473006716063,59.712345697888324
333.9711065111879,4.671958098947319,728.5651150240662,63.51285147136276,73.29753405716451
305.4023787454953,5.6393320277602115,845.7590755058648,47.20024725889549,49.89587728975184
244.864893504755,27.858395497780677,,63.19828600724404,51.93296773143439
259.83977429149553,5.739411214580331,1383.362669116437,49.82065761667212,69.34269033384005
326.15650036053574,4.839948345212208,965.2572221708292,88.29763164036237,88.99692731429006
199.94356673537104,22.894663256049327,1162.16733456111,92.94220372107587,88.73417914931585
289.2447352638638,0.31293222041875113,,56.6541783714624,52.44904919053429
205.59864548378334,0.38676482886951324,1660.794968291193,34.56232663754143,45.11755151628553
307.1556979442181,4.112664764194926,1216.7519334024712,73.11684645745632,69.51716189649984
243.30725855627443,2.221013681755573,1230.1286822508134,54.480661663150435,60.99913040368142
206.0177394934688,0.5084890120951496,1018.4051999764621,94.08796263716776,78.08433564853732
217.11336003958144,1.829651760488219,1751.0081493258085,35.80936056251983,66.39918626392496
225.051653860201,5.609729369665541,1429.3722258346334,37.74321864518558,65.52934029978206
297.64719508813454,10.627007049429864,866.6645578343494,75.46250242212555,72.32299341104095
316.9724384126919,0.4953708954617443,1649.4133702720599,79.31222415299438,46.32092224244921
229.90393506383455,n/a,1415.037007500477,60.62126627888662,73.85808648332838
206.37731974139922,1.7557054541964892,1270.1881709473323,48.02219915860884,64.42598503277267
351.48952912931844,5.502963691730097,1398.0939643546287,50.137653193479395,81.00735328172212
290.9506297081026,3.986447686346042,1540.7494351709902,51.9682428173826,46.93534168524092
211.23352158455555,13.066724158670116,974.0945020207736,44.64332939168924,55.0373524558202
267.97500035663285,0.1920614122467198,1083.1112699105297,85.29176562957771,87.5123187007762
229.38709644682598,3.1747430249249184,1188.4725273282952,34.23001849106184,67.65364396450107
185.74138573524164,1.0706685316507065,827.9981913942199,56.47305856509045,86.4650499876995
234.4975812784066,3.8477843221809853,1418.81452051441,78.59420441466452,74.45175515559394
181.4665940346973,9.606357974839659,1117.3651459963983,30.248655839037234,n/a
225.97289461443543,12.113408702904065,1084.2969653693503,87.07211359076035,55.891314218024
230.6618258735084,2.539413651782392,1007.110613416277,75.90905880465868,44.52668791845786
223.01374790037954,8.3507328381547,1189.7835001909598,34.76930719421442,80.11208824490494
295.5477001526727,1.6460498770387975,1246.7292224097034,88.17477828463848,80.22343762311684
270.21638630801704,0.03162453217881809,1498.8151832079382,61.67482452100317,70.94133973211572
218.03757741007666,9.663357848450003,1507.2439408763964,72.39555670287025,68.97851015809161
266.13449911520945,0.6358284405197387,859.8982858046215,87.33216934372473,85.74540853381421
315.29779923989827,0.08884022147399193,1338.1650803542918,87.27555240481524,48.82492335107655
208.50344399529692,2.183213048201447,1568.970790565471,56.5683677029876,70.82689856853835
184.2959441125363,2.3851814194634704,1133.2139096121393,45.44981652662072,42.488530541110535
195.77270450494436,0.4018230557443154,1149.0155846221985,46.73240038250148,47.043246837881455
268.8258989050474,8.414955290321473,1080.9702029050266,79.78620311494231,61.86361742216498
324.4913672586511,2.6009527759143847,1361.4653435251957,90.41297346526913,81.0603684694208
292.3907959727888,3.3659739377842253,1286.2020472489683,34.694993765387245,76.65663453750297
314.2462239137651,1.536875350866766,1493.8940592886368,30.976282324810892,88.70321955229971
140.0330862126712,3.582148151040672,1166.640793832421,83.49077899572814,42.24243242349496
208.3330750567749,7.277823297230553,1577.9995823629442,55.1291692115138,59.06761094131174
194.1089222595825,11.832030851141164,1379.2528077820084,47.969200922280464,47.93954007875804
277.93091964719537,17.621844670723902,1552.9019018540068,42.24430009502972,41.848064202475086
240.03289624050456,2.7819393566034445,1021.2472275039261,52.521239638835894,
100.02369196672615,23.042809039433546,1670.294925138442,93.14542580307051,52.22359220936082
287.98450139690186,1.7474732894573095,1033.3545094992041,93.51018534534029,61.00138592310959
308.4040491145727,0.03500190437591921,1047.4092691817332,51.54837922618579,47.00406039502966
350.4716883768019,n/a,1081.9025779805352,92.63985768879249,64.42837896130587
258.2523459997948,0.982725052390314,1049.907219193687,49.491124233075105,86.00491636571209
280.9512259584798,0.2694033945611931,1768.065942354553,85.54127119235972,77.40944657991574
192.93596966625032,12.885696740946651,1356.5462174850675,43.78027359505937,82.10886647466333
167.9164325539117,7.846540719162349,1348.7639486794005,83.7216932441794,80.23642966607666
312.1752841543939,0.5416289918214996,632.5456434828234,52.992475841216915,59.4813168220317
277.3538018356394,7.500903422799768,1585.6468930875203,42.72202879629183,75.44805181489176
312.43399354984103,9.289486660819723,888.4615191639483,90.760693982536,77.71281197114988
237.2129669220152,11.785294313549851,1189.0938386147748,43.92198160786354,50.28240528496178
368.50344878300695,3.922958948723248,988.7425966581902,94.46928967435072,83.01311833098866
265.6542806970049,6.077057732125102,1271.8981587848393,37.05730300525184,62.88736992611318
212.3198773653299,7.182452424118194,1660.2183629611243,30.651350920363473,40.81798697546922
234.10246955068027,5.834010300069062,911.5733395302937,86.6015804950104,72.16920543069253
169.80652982829324,5.204080012555764,984.3171689514825,68.12928654005128,73.83815459589826
202.88300471024178,3.965492348908689,1241.8744435908839,57.405709634877056,67.58811483384167
230.64490045539057,3.261902298113699,1670.9998123592322,35.32765515958612,50.62076504235783
327.4893564328682,27.766073325890538,1072.6159748980085,67.3680145138101,64.11390136780327
246.70881351426732,2.0591323468197236,985.1318908955952,55.59216304033347,60.006372512275355
304.2183843750578,0.4620501838825167,1249.171683107045,61.435424344264376,88.73430369219629
245.0070281532687,7.2416353754918275,1202.2457810204567,70.97547099114354,81.2339217377969
198.69545557247972,1.202875368431863,892.5033416286165,71.5956843659866,78.09498025436073
277.2751458677457,3.8038480963668575,1078.4008740561549,92.43895068794755,49.05368515000816
207.75996706076063,0.5035319070372841,609.6125659468847,72.57847187355742,56.55200087106083
230.14785292098628,4.828506115253412,1190.875858721423,52.06126911184501,58.98559177846101
351.5797438215325,14.412679047726893,826.2182032623701,51.4261338047301,64.63137661502398
280.2256198645454,6.41336160560301,1940.6855573551597,61.015461938997404,41.51122560327357
208.9845669679577,1.2073954876961122,1366.4505404339948,46.856300491431895,69.65046140373258
286.60535429070353,17.726154985606666,1276.1318060017875,54.46853357820878,57.89282719860532
,1.8342536462727663,1358.0859934720168,84.7373301754392,68.08385727129576
162.29655123549037,2.8689601199240222,1052.5920791566266,85.88450418636782,40.44891921283535
304.62473762706605,3.446941473883629,1157.345900348259,70.80651108302212,56.071656949876186
264.7417151051348,23.398791645050775,1351.6178203462737,67.88466122961542,78.43330280064944
240.13764938847086,n/a,907.2343369636433,57.761489062679395,65.05407762635201
166.72858271285799,5.965630786248861,1404.9302092698058,71.33342951197503,79.44436641728191
234.23362076918363,2.246543280985424,1832.1364374944724,82.39346747254685,74.94801962586934
259.61133024418103,0.4078147918177874,756.03047762445,,82.74602875754886
191.72125350243732,13.669275841173674,1359.8329827534142,32.304868519049585,40.372179427608685
252.1129687939072,4.45626307955627,954.4669301413619,77.52344990936618,53.0662745922197
327.51598759658776,7.002331706331908,1407.2838158825848,76.79659836637511,67.44008633005407
261.3308718729964,1.3747206320717011,1301.6711792328304,36.43438488476567,87.05090383260912
279.216913891771,7.1677878336386485,1763.881738223743,39.7660786982932,73.98950900662695
228.00841528338609,8.815144078837777,1710.4622400962294,81.21405322672126,62.829439314092426
197.44539165715653,2.8178753032351747,765.5717672756789,66.33432258602912,46.507066525384154
221.9230908473877,4.242651946921775,1429.2723269737069,83.40588438806805,64.66076773787262
302.74663784379317,17.855043876745764,1424.1227226708359,42.008368768888936,62.05434862280331
245.1364118260343,9.377759346599856,1556.6751444694955,31.989959705911893,78.92216373443509
239.88789703157295,2.9425852074243313,1341.7243593231024,40.52621405362662,60.667432024827406
224.7200003616054,5.461767460644388,1378.9564444751434,59.41705294339624,n/a
,7.667745488954441,890.2199072712963,64.0140291146436,44.48598412344104
318.3685529103757,0.12314827832452507,1326.58780541446,85.75057293342334,42.32505319626834
239.5964850317293,4.438103207358225,1135.026683400911,76.55303444038414,61.95672137611885
223.42314530803355,20.843814938451573,1405.0895331829172,94.37539163439018,57.34309897510923
253.98609554702512,14.704388374228065,1171.645315451589,35.116773439398656,67.76620847564296
223.52218520111225,8.932080694264346,1334.1602674327876,38.46436971509489,75.5964218557534
265.6444018398081,0.561445051314099,1384.8391921773627,35.48311359833703,42.00034067869015
215.77100608637102,25.614642691854424,1390.4965786490177,64.99977302757895,64.81085548514076
256.17979146443093,4.7021250888693995,976.8606734773241,47.34595010241119,83.09859470909899
247.37154940262957,1.2609842624171077,1925.630207953252,74.43614110631181,62.75832930701642
342.77351087146326,5.608412193634756,1276.1638191654617,38.6249077496826,66.06211054753872
345.5231948735626,9.707922264706344,1389.5234421258622,36.70744097153821,64.3395920358338
289.37371047664135,0.5957635208890091,1217.7004491306252,59.910755549541605,59.48964592417052
245.58524086327043,12.41084061226185,867.5302911717966,54.43339296211605,45.50597619616862
290.1532619143092,12.64142713916397,1434.8618173957188,83.89571953968144,46.31781078412633
288.5604969183276,0.06777936655034719,1280.5067473868721,84.44101487779491,
226.48990374408496,11.528907062093781,1466.6446382772122,37.63286341177589,79.62823204488274
167.517873780226,14.670168741964655,1000.5326357552636,,53.76661502808566
154.84893580511806,0.19210251133494743,1100.3093497988402,,87.40618908877053
244.04912914296966,1.7418782747451036,1280.3562358498557,62.7312878019855,80.50850832683145
224.75177757292522,2.334901076386107,1214.4768217087696,36.15961945589996,74.22703340993405
222.7937334277153,2.14538702625768,1114.1511454744796,78.07599998464795,76.019681469787
209.76703438513454,7.114858891190438,1280.6538888627374,33.876195855830744,42.38161043391756
207.59559582951854,2.2166484880108843,1628.940737377613,48.049965027224,68.41946834932726
282.7420126197077,,1337.3525552158817,36.2030497596615,87.05284549608649
98.54203773419817,26.484217570749344,1551.9049273645223,64.49989463966003,41.955509169625444
279.4133730165738,1.9049762897319895,1149.6452474183868,71.9399538161235,54.55082592567701
236.19799520040814,3.5545271777562455,1216.3591636037577,87.90558452122761,42.57557460669677
322.03713472393525,4.078900492906074,1272.9365518323716,77.70167486475714,68.48707889330828
263.3159674257966,4.330398720704901,1066.6565370315639,92.47178592939484,45.81003135852645
163.3453073508238,2.3436941008327654,1275.4755228894503,79.46173913748893,63.96250781121996
156.42233811500705,0.9075704261873592,1670.3457843587105,49.37475171400936,75.99747183937724
192.87911913704608,0.2805271218929931,1723.3062353197583,65.59301268660576,48.22192674677338
n/a,,1612.5705146523082,59.76607655580103,77.76822185391354
164.35639761827878,11.57790779152675,1291.706416027327,66.78796703642739,43.010223097494936
255.51845021961137,1.645125225930519,984.258641126875,67.1858070618055,47.481224012849836
285.1206563499938,0.39967139348734276,1934.0939126535459,75.6365705554867,54.005518159111176
223.6029638720768,4.884580590527847,1045.8388596492118,n/a,79.80495337060435
205.5985455104221,0.3914682601496251,1657.3195018522902,78.53843337731382,82.50684445617004
142.45190290004007,0.36313809415192033,1309.7945339116934,39.34333486016172,51.018990718311855
325.50480992858905,4.8586275026348025,890.1107663623505,31.70347481980101,44.789191276274806
341.3385000051095,4.4750347870337945,755.451312846777,63.72886022749504,82.39768911736257
310.9912383102551,0.21181010162180966,1617.1353625747943,67.7960024430428,72.46837187610535
236.16856648439057,3.085357048734628,1027.7241688381855,32.26531955760688,47.89277181993407
247.31695762191117,2.861451551274514,822.0114513341988,63.49912246070149,67.88583925753763
284.2801774109193,3.955885704811454,,64.74706354375566,83.61857164427676
257.3318629212081,6.694091212733333,1198.4751678023797,33.41216858222377,43.47574710258815
94.20255456499152,1.6620030178383094,1311.2936362317241,76.25304353245394,44.18606168241401
295.90622983017283,2.835042717044678,1295.757186926844,43.66883061598517,53.6803880331284
310.94707439489355,7.868970934847606,980.2536249379436,81.63984889864423,72.61311627993283
303.5892367556232,12.791026131559768,1200.4800870296074,50.20343843699298,48.90042547352993
272.6139803779772,11.09687425398157,1715.2544786225653,61.0630145451741,80.81836021585822
297.9033859794813,3.2469047628621226,884.2366310687376,87.97030716222636,77.52150883974801
179.35702018225766,3.6788727376957513,1341.2840617157808,82.4016653454156,68.05024268139903
245.32191819063783,3.7656053935814553,883.8113007605482,80.8211326080546,
216.5675562990752,10.151945429368258,1076.5080381924256,40.4282228450024,89.41099141560989
322.5697587571058,9.161017267828338,1539.723928160594,33.12925513547457,64.50168147814125
259.1983859580118,1.8664360372827036,589.9910330084949,69.37433179423927,62.603657393363974
242.04853876788374,0.8887582104262514,1829.425556652558,56.69495676177511,89.77845398336578
199.1049368527741,2.3819161705340814,812.0020660375069,89.09002296798081,83.1934131735668
197.03529582833056,1.7012414675404741,597.1742726756314,52.723562131601625,62.81838670157407
193.5700949271436,15.057349800759114,1205.8208486870672,56.68564281486495,
287.2575594717931,,1071.2989356125872,64.19003529817977,44.7954691283493
279.8978592670232,0.9996179280890728,1014.4451884695155,81.76604326608728,n/a
262.50521801732185,11.486946202185674,1392.451569506256,47.43943851655216,82.1887423859599
289.55746399701803,0.45224240912430463,922.3143019949775,91.21834271555431,
209.72402018229127,1.5073234319231368,1370.9405281152772,65.09487232689997,77.66606437843886
157.81659887721565,2.891162999398334,1448.176630043648,84.6635219763366,78.1364713136962
284.16547533254527,4.520666891437889,788.3395200185239,64.16520142464123,51.39553586133074
247.1874098425282,1.9850514776980834,1507.9369494199177,80.17955772310087,n/a
291.6423854654479,3.42821699163542,1431.9688666971633,33.34234891147916,52.751440170610564
271.3044104292976,1.1084180029966948,1665.7448569019314,81.9488113093959,79.49430259679558
246.32355910685536,4.269798072695919,1201.6144733554397,64.05736293764625,47.6904851241457
260.27931107843096,2.6196962324647943,949.5652387169575,59.212013232127866,73.44529993436387
320.45444852807105,9.460983529634344,1576.2153986883322,37.254628329771414,56.30058558258806
235.4940309084052,2.686995743511998,1214.589648721846,78.20156502905334,
286.8380944936483,2.933275287994663,1746.8545352762262,38.52563741276903,46.185232210544655
265.454299698704,4.484585460135121,1412.8018743417138,42.50065783225955,72.7449569091797
166.26668908932498,0.6572107634744355,1192.234098703934,38.21751162112714,51.99571516109912
184.2974635959533,0.8527269049320043,935.5580104757961,30.427414501387652,71.55176862923358
248.01932716535072,7.808902596305357,1168.688550098711,73.02439570436692,60.74110830006435
225.11521000074586,1.5970250237636907,1481.188920231217,47.604862910154424,74.63567319381232
202.49584133459737,5.77110486160712,747.5569323173254,39.71557984740208,64.64743110927401
303.5369921112454,0.5125283617803599,1078.4855477363908,50.79821136343162,
175.2296874981485,8.625553203226154,715.6624649945513,62.44050495053402,47.29095899288009
240.06796843490483,22.210204354624246,887.6955855296299,62.7218138574786,57.05491262106401
206.29983672304712,2.33955665979767,1016.616570472259,53.86774054157736,71.74470389633765
324.139054259071,3.5213450160492012,1118.7804870251143,62.170597617692884,77.02367525987177
375.87584788676355,2.923365404256134,1306.006815220092,57.77719475667462,48.016983741999525
234.43881477512292,11.230444844496041,1410.529574471292,83.47324105399157,73.21362044440585
292.4309830813,0.04991854742038399,1615.0342890650081,31.924907886926828,48.96397548257561
313.4875147107009,5.298775340021811,1680.96184228882,86.42195866599805,51.09096717449917
294.9362621559319,5.2830580736880295,1555.5790305413766,45.85449161911065,66.56586201400074
289.5523037917047,2.4094500321861028,1086.174153862742,76.91584397735627,54.46011509880374
161.35826073507064,1.2380370951555484,1270.1415001115479,56.32757506213288,73.07977206182431
308.81526608842034,1.3700970419347018,1031.3156396984107,49.1316426928111,87.78883121207691
267.96374606925036,8.058806076413683,1275.193404347498,69.9975792449925,47.444610066869714
238.5477981345543,0.3419461420177945,1151.7954805058437,79.97748722610177,68.52554161547084
246.09491618534074,4.148548913586841,857.3105417985216,59.245869451734244,86.16495913365964
262.8925911567921,1.8324764805406792,1635.5875735485267,,48.82644883258062
237.29975054175463,1.541109982206479,1712.4223621091537,33.825671509899166,58.34254516924291
232.25436812131767,3.523444306558343,972.5763750643197,90.05973874080985,46.18084174948936
201.11567223026333,11.407128025394059,1356.226526042543,85.04828526900683,72.10188591569742
275.5084368581592,4.81287662541379,985.5425192990731,55.86953119025832,73.45714638473507
241.921344140055,7.77026740006865,1176.2283621486033,79.7217898554363,73.20911597178186
210.3547237679696,4.590008214025601,1040.5050656045566,50.36314642104985,67.10635241816726
254.8886337710185,5.981937889698557,1011.8509939726208,77.47741654583037,77.3130433898886
252.14140601898788,2.831759047311695,1257.0496888001705,63.58496157666392,41.79386481899898
275.2909864644246,13.017210218526891,655.3921366014436,59.949836944283845,87.87567437226531
248.50593472659222,3.485163802681967,1043.1259483490207,,51.10481039646767
280.84115422862783,4.012296012692144,2404.6732762706642,92.75242491757609,46.07809843458717
236.34532912303132,3.7218392642895557,737.669158475269,84.43158304209732,87.05680214709658
239.9429593762662,1.900368724101627,1085.9122678775454,81.57022441911903,81.52184581807916
263.8780422747948,1.3148720842577277,1286.432452708617,49.819552847492076,78.24352096458401
269.35733283845417,0.3835141785940789,1146.1188725733316,48.82336198754268,45.23728544694908
310.58084894568356,6.332344520955823,970.8328223495275,67.2575512786522,80.37646068380829
302.3860756683203,1.7073503673298025,1490.4056969298995,85.00450775469966,70.45117615048913
247.8199079567784,2.4649118549646833,1244.8134153601907,90.7508464009624,76.59543055059225
179.49281454369066,12.624155406580597,1012.9657157583495,47.48038669050736,88.90351399091962
284.20103153652576,4.178710177463343,1457.180862656753,69.48196202076213,49.722058855900016
276.39075379631385,0.5105958940407399,1041.7977973411678,77.05368199307524,65.21909804092651
260.8511963667265,8.03749678383578,937.5327162661185,44.71548943690956,77.66759732295574
288.66001083578703,1.4794489799740447,1376.3398492176389,56.48546096445758,61.682817538584914
231.5709705629936,4.022694153295046,807.8840809319304,42.18582779138664,42.73265414591042
170.2487811722606,3.566560410960448,1727.3546535589762,75.42883005494173,45.57194494377606
206.28202464097092,1.3595609815101222,1654.8266180420792,86.14603387543785,70.10459862728113
105.15376814510009,0.61519619734265,,87.03973304585759,54.25020731953783
272.19180230203176,1.186602901420347,1025.344836472252,73.55577658202596,46.892032365129666
246.69872778943108,0.5120344072429981,879.6568102870644,52.56490341133362,56.99459987622912
293.0351177700545,1.6122511628074188,428.17007956291434,72.96762449552654,50.04904660223927
287.6780077200007,29.56790990809334,1684.7914933491081,86.17733726610321,41.19697332873872
225.50962633093715,2.5715941331834715,909.1688647900223,70.68062920582591,47.590699428358306
208.77427160985104,9.971400389241634,n/a,56.83797611923126,84.15389804588364
210.61253571057634,3.9834100648389734,1259.694219561897,89.78717879673493,40.601864125135805
345.7542687062889,5.491807790524216,698.2466883390239,84.28907856251271,78.69251517970478
242.43322283227315,0.8500757791695379,1018.6698902995472,87.35829061610777,77.67305529357918
236.32709351466804,1.606579454490324,860.0848887066694,88.70748136761914,68.21188441794946
264.57239080406697,3.5712762127216924,1437.9254548477654,55.597799997920355,50.422388285418535
170.67514734636765,10.64918921250964,1451.1521961031442,85.87653548797678,83.90296121501157
230.13962263261445,0.2191744973849126,1126.7828040994018,67.07272863103535,63.75377843969716
207.1676484890767,3.5354188214766764,947.1727772712387,32.480333281012605,48.66031145238677
196.68314478604722,0.261796746365845,1256.3882629548934,71.32936317380765,61.4511296244613
236.89279596327472,3.0515972482484677,1532.1434999355847,60.59023007914219,49.745861387212635
252.36201238132477,4.95598956910953,755.5354216457999,47.885052847174336,58.80039205649623
187.2530479232169,6.82703399384045,1833.8008614213604,n/a,64.83438855050602
231.72034379935667,0.7455868716299575,1126.8625203894078,33.57960578904331,57.9950444851025
,0.9110595147988688,1164.350763936688,91.48203039595933,72.85221370363504
272.5795772622814,3.1750038684851907,1680.7967299274676,40.35235894125148,86.79589020442192
236.3578996417663,31.165026415716973,1183.2629728076442,54.50423165453459,57.40746738234817
266.5015776966648,2.2006464084877924,1168.463939752782,57.120286402257705,57.78697569182428
232.38733313823693,2.788952263794276,925.9644110616192,77.5163337129529,76.91512353011328
314.0737026407652,2.832103443845341,1026.8720096882223,44.0145985678858,66.52954657605423
277.20090031830466,0.42071830786042375,988.1573889244096,94.09661980979006,61.44197198103706
216.44150950707578,7.439911373886773,670.2946248706842,78.68577042966149,80.69040942282513
225.23367905398348,1.4591300631274664,575.9232617770157,81.34692149255855,84.55180335957056
269.6141527691784,6.08135824476231,1130.5204967593684,36.91787022646814,69.52933030235918
223.7483720995574,3.2226411441430196,785.6827613598525,60.96028061811426,49.255163637775304
153.49716350798565,,1395.7976291300533,91.46460778108877,63.31429445009889
264.7861146689446,0.2774136390814897,,47.55429465086742,65.21853310740671
230.83469628828348,11.034815009948396,721.293444054719,39.44993757180588,61.610367855542975
283.99316273150305,1.3976223115402755,1657.4274917186533,61.550639884672236,53.12159394326922
252.0420038786453,5.5447585966916515,1072.078978034635,90.47554952732854,63.616090386192724
282.29469822023475,7.997911001230282,1354.5298151532784,61.64139058799077,62.32730760488448
375.95174588808254,3.8830648052413603,1693.2405850151576,56.31422968977783,50.474676197596935
314.1039870221855,2.057421098941641,1189.849817294342,72.26770838639547,85.17153261680325
232.4650125982072,19.061651867841974,1204.1951174518001,90.89745992528583,84.2670475423734
271.15834909273525,1.6316967338428536,1631.4358639524296,,77.98082142252949
255.88051334133067,14.846653135193556,1111.825567341432,39.97071045598493,60.04732888061407
263.4199770345737,0.8493419044582162,1521.9547059059505,38.62903015287693,58.517095394606784
,2.4651096997936217,1177.779058063194,35.546643849445765,75.82326886979823
302.7207005074885,0.7453754862757522,1251.0937649113714,49.63689524214573,70.40596175015344
134.73604566368323,0.011214933443262819,1246.9032918660357,44.90508715282015,70.02991619733788
249.14355546713375,1.5072726637255456,1089.0565570818537,65.66493230360679,46.20557637474283
162.16747004986357,0.45624937510196445,1039.5621745858375,51.27381241217071,70.91418901477242
,21.46843916197645,1004.2199854445747,56.338510994761954,85.0931505561683
260.482368981973,7.170145089654132,811.3146116158806,91.22120488248783,44.290823533521674
293.43122200317373,0.018558380386101036,1066.022090922938,40.117616682511404,56.958564953539366
301.0995641646608,1.265737152741004,1120.3937090985473,55.249726241662145,65.45071457235362
