ngay_ban,nhom_san_pham,gia,so_luong,doanh_thu
2024-03-02,,63316.44138722967,4,253265.7655489187
2024-03-07,Gia dụng,1502704.4379614717,8,12021635.503691774
2024-03-20,Gia dụng,1337353.2360667766,8,10698825.888534212
2024-03-14,,1660114.9022855617,2,3320229.8045711233
2024-03-12,Thời trang,2066757.8593034658,4,8267031.437213863
2024-03-23,,1129062.0387168129,7,7903434.27101769
2024-03-25,Thiết bị điện tử,665302.9428518688,8,5322423.54281495
2024-03-09,Gia dụng,1214720.1162376965,1,1214720.1162376965
2024-03-04,Sách,76582.45202611419,8,612659.6162089135
2024-03-18,unknown,2496867.696723999,1,2496867.696723999
2024-03-27,Thiết bị điện tử,1181992.584253483,6,7091955.505520898
2024-03-10,Thời trang,1887225.6102236642,5,9436128.051118322
2024-03-21,Gia dụng,1007940.5863939816,7,7055584.1047578715
2024-03-15,Thời trang,1863696.5470779443,6,11182179.282467665
2024-03-04,Thời trang,1644284.411086704,1,1644284.411086704
2024-03-18,Gia dụng,665250.0231627034,6,3991500.13897622
2024-03-20,Thời trang,1894705.8732914813,3,5684117.619874444
2024-03-19,unknown,373386.137100619,6,2240316.8226037137
2024-03-11,unknown,1469203.2481436455,7,10284422.737005519
2024-03-18,Sách,2173640.274018412,6,13041841.644110471
2024-03-26,Sách,1669735.0294063464,9,15027615.264657117
2024-03-23,Đồ thể thao,2251499.648990358,9,20263496.840913225
2024-03-14,unknown,855829.6337007751,8,6846637.069606201
2024-03-06,Gia dụng,194014.66347200173,5,970073.3173600086
2024-03-18,Gia dụng,215112.6140273201,3,645337.8420819603
2024-03-31,unknown,842740.1817098756,4,3370960.7268395023
2024-03-11,Gia dụng,1252617.921830968,8,10020943.374647744
2024-03-23,Đồ thể thao,1635640.3558585737,9,14720763.202727163
2024-03-24,,2285100.819476939,8,18280806.55581551
2024-03-22,Sách,2526847.9763029944,3,7580543.928908983
2024-03-03,Sách,2096358.872997404,7,14674512.11098183
2024-03-03,Gia dụng,1416466.4164319162,8,11331731.33145533
2024-03-01,Thời trang,830236.6968216862,3,2490710.0904650586
2024-03-18,Thiết bị điện tử,1312016.8583780837,1,1312016.8583780837
2024-03-08,Thiết bị điện tử,856518.6481428558,7,5995630.536999991
2024-03-01,Gia dụng,1892164.710919434,3,5676494.132758302
2024-03-16,Gia dụng,2463710.2384599783,1,2463710.2384599783
2024-03-30,Sách,1578656.793562015,7,11050597.554934105
2024-03-11,unknown,185226.45024481657,7,1296585.151713716
2024-03-09,Sách,2822258.452353656,4,11289033.809414623
2024-03-12,Thời trang,918137.8348169812,2,1836275.6696339624
2024-03-08,Sách,2747805.498630509,5,13739027.493152544
2024-03-31,Thiết bị điện tử,2448551.4924546154,9,
2024-03-14,unknown,1268719.0842624325,6,7612314.505574595
2024-03-04,Thiết bị điện tử,217276.1131932292,9,1955485.0187390628
2024-03-12,Sách,2845726.5180472806,1,2845726.5180472806
2024-03-26,Thiết bị điện tử,1994208.318214922,2,3988416.636429844
2024-03-15,,786479.2486387034,6,4718875.49183222
2024-03-06,Thiết bị điện tử,1623931.8001348719,3,4871795.400404615
2024-03-26,Thiết bị điện tử,1924343.0011858477,2,3848686.0023716954
2024-03-26,Thiết bị điện tử,718645.015076832,6,4311870.090460992
2024-03-28,Đồ thể thao,325944.47451832984,7,2281611.321628309
2024-03-02,Gia dụng,839023.3602122557,4,3356093.440849023
2024-03-28,unknown,190427.87137179624,9,1713850.8423461663
2024-03-06,Thời trang,256460.20522233477,3,769380.6156670044
2024-03-02,Đồ thể thao,511925.8783051061,2,1023851.7566102121
2024-03-10,unknown,517298.79341190786,5,2586493.967059539
2024-03-28,Thời trang,781457.1755532837,9,7033114.579979553
2024-03-15,Đồ thể thao,2815416.23495734,1,2815416.23495734
2024-03-17,Đồ thể thao,1748669.067479488,6,10492014.404876929
2024-03-13,Thời trang,1296390.2808233944,8,10371122.246587155
2024-03-20,Gia dụng,1713209.0223080718,7,11992463.156156503
2024-03-20,unknown,66849.08188189853,6,401094.4912913912
2024-03-03,Sách,2689503.3836572813,3,8068510.150971844
2024-03-27,Đồ thể thao,1620323.766109138,9,14582913.894982243
2024-03-26,unknown,1382369.461835259,5,6911847.309176296
2024-03-14,unknown,2827725.721172862,1,2827725.721172862
2024-03-02,Gia dụng,2204703.849226956,9,19842334.6430426
2024-03-07,Sách,1045391.4781247549,9,9408523.303122794
2024-03-12,unknown,2811664.570297987,1,2811664.570297987
2024-03-22,Thời trang,2563392.9937309725,7,17943750.956116807
2024-03-09,Đồ thể thao,2865874.5014635315,9,25792870.513171785
2024-03-09,Sách,333860.61536333786,2,667721.2307266757
2024-03-28,Gia dụng,2868090.42369209,6,17208542.54215254
2024-03-16,unknown,1651504.374671088,1,1651504.374671088
2024-03-11,Sách,2033034.484797449,3,6099103.4543923475
2024-03-11,Thời trang,676104.7540673326,5,3380523.770336663
2024-03-25,Sách,464184.3956532886,7,3249290.76957302
2024-03-10,Thiết bị điện tử,284193.1178492041,5,1420965.5892460207
2024-03-25,Đồ thể thao,1295823.6218269316,8,10366588.974615453
2024-03-05,Gia dụng,702980.9353964595,5,3514904.6769822976
2024-03-08,,290787.58066401613,6,1744725.483984097
2024-03-29,Gia dụng,2867445.27798964,2,5734890.55597928
2024-03-29,Đồ thể thao,2213504.462580235,5,11067522.312901177
2024-03-05,Đồ thể thao,1577670.7991911706,7,11043695.594338194
2024-03-03,Thiết bị điện tử,2242875.0742821535,1,2242875.0742821535
2024-03-19,Thiết bị điện tử,1853801.6082779204,9,16684214.474501284
2024-03-15,Gia dụng,575196.1519468382,9,error
2024-03-03,,1918637.5098608236,8,15349100.078886589
2024-03-01,Sách,2058986.1931474365,9,18530875.73832693
2024-03-31,,750538.975514682,5,3752694.87757341
2024-03-03,Đồ thể thao,994426.7094730125,7,6960986.966311088
2024-03-17,Thiết bị điện tử,1180736.9462901107,1,1180736.9462901107
2024-03-21,Thiết bị điện tử,1827512.5870567013,7,12792588.109396908
2024-03-12,Thiết bị điện tử,424083.5470662843,9,3816751.9235965586
2024-03-07,Sách,2243260.464339648,3,6729781.393018944
2024-03-31,unknown,1070771.598751924,9,9636944.388767317
2024-03-27,Gia dụng,2090729.2280938304,5,10453646.140469152
2024-03-07,,2802017.810481427,9,25218160.29433284
2024-03-03,unknown,2616130.207937443,8,20929041.663499545
2024-03-31,Gia dụng,2225864.3319717175,7,15581050.323802022
2024-03-21,Thiết bị điện tử,620314.6017711537,6,3721887.6106269225
2024-03-08,Sách,2209619.3872977505,2,4419238.774595501
2024-03-19,Sách,1925578.7475997894,7,13479051.233198525
2024-03-22,Gia dụng,2329013.1264106655,2,4658026.252821331
2024-03-05,Đồ thể thao,2613001.0664732796,6,15678006.398839679
2024-03-28,Thiết bị điện tử,968851.5864147372,6,5813109.518488423
2024-03-12,Sách,1950697.0136395355,9,17556273.122755818
2024-03-12,Đồ thể thao,861657.6465012665,4,3446630.586005066
2024-03-30,Thời trang,1071540.5707480735,9,9643865.136732662
2024-03-02,,1585901.4055531076,2,3171802.811106215
2024-03-26,Thiết bị điện tử,1330782.0056098253,5,6653910.028049126
2024-03-09,,1821860.277287479,3,5465580.831862437
2024-03-26,Thời trang,2288346.3376171794,6,13730078.025703076
2024-03-11,Gia dụng,1834809.0725830419,2,3669618.1451660837
2024-03-03,Gia dụng,2910911.459057518,9,26198203.13151766
2024-03-01,,2227454.0269049034,4,8909816.107619613
2024-03-25,Gia dụng,2955784.888062844,7,20690494.21643991
2024-03-19,unknown,2243150.135959555,5,11215750.679797774
2024-03-02,,1548360.6731354308,8,
2024-03-28,Sách,1262467.001126419,4,5049868.004505676
2024-03-23,Sách,2220198.1509029265,7,15541387.056320485
2024-03-31,Đồ thể thao,2077016.9521113932,5,10385084.760556966
2024-03-20,Thời trang,2022855.8758871898,3,6068567.627661569
2024-03-05,Gia dụng,2179262.3404672737,8,17434098.72373819
2024-03-05,Gia dụng,2622907.734077713,6,15737446.404466279
2024-03-28,Sách,721892.9072452196,4,
2024-03-07,Sách,1716439.4502388272,9,15447955.052149445
2024-03-15,Sách,1829738.5035005596,9,16467646.531505037
2024-03-19,Thiết bị điện tử,913927.671524886,2,1827855.343049772
2024-03-01,Thời trang,2964451.363554977,9,26680062.271994792
2024-03-23,Thời trang,2367336.853221348,4,9469347.412885392
2024-03-24,Thiết bị điện tử,997735.0023908877,9,8979615.02151799
2024-03-23,Gia dụng,1107381.3492208447,8,8859050.793766757
2024-03-10,,2168861.539078374,3,6506584.617235122
2024-03-11,unknown,83905.59340536082,7,587339.1538375258
2024-03-16,unknown,1418918.9961397096,2,2837837.992279419
2024-03-20,,1062177.3677015677,2,2124354.7354031354
2024-03-15,Đồ thể thao,2569308.755518151,4,10277235.022072604
2024-03-15,Đồ thể thao,2384319.9858243223,7,16690239.900770256
2024-03-12,Gia dụng,1029685.9338254365,4,4118743.735301746
2024-03-22,Đồ thể thao,2601151.0836213646,2,5202302.167242729
2024-03-02,Sách,2745120.0178992087,2,5490240.035798417
2024-03-23,Thời trang,1679753.6049460697,5,8398768.024730349
2024-03-14,,519749.1578413152,3,1559247.4735239455
2024-03-19,Sách,2322467.8444023905,3,6967403.533207172
2024-03-13,Đồ thể thao,992065.5080817023,1,992065.5080817023
2024-03-20,Đồ thể thao,1605480.1006174162,3,4816440.301852249
2024-03-04,Thời trang,184486.56035603097,4,737946.2414241239
2024-03-24,unknown,1525266.7467204789,6,9151600.480322873
2024-03-28,,1171780.3730591387,6,7030682.238354832
2024-03-01,unknown,2073892.6150603574,5,10369463.075301787
2024-03-31,Sách,170311.8558705202,4,681247.4234820808
2024-03-16,Thời trang,1893589.1428010422,6,11361534.856806252
2024-03-07,,2327270.4170434955,5,11636352.085217478
2024-03-17,Đồ thể thao,87695.53256989818,1,87695.53256989818
2024-03-26,unknown,2262391.8667824296,2,4524783.733564859
2024-03-12,,434101.880461703,9,3906916.924155327
2024-03-24,Thời trang,2109265.540645235,4,8437062.16258094
2024-03-31,Thời trang,1393065.3103083374,6,8358391.861850025
2024-03-10,Đồ thể thao,1678374.3536197126,5,8391871.768098563
2024-03-21,unknown,1045174.3887708978,2,2090348.7775417955
2024-03-14,Thời trang,774125.8986658824,1,774125.8986658824
2024-03-25,Sách,259589.7062691801,1,259589.7062691801
2024-03-20,unknown,2600835.463069559,1,2600835.463069559
2024-03-19,Đồ thể thao,1850766.186125262,6,11104597.116751572
2024-03-28,Thời trang,2949257.5199967064,7,20644802.639976945
2024-03-29,Gia dụng,2558833.1061945036,7,17911831.743361525
2024-03-06,Sách,2615418.1382964877,9,23538763.24466839
2024-03-11,Sách,1813656.5580138855,3,5440969.674041657
2024-03-30,Sách,288780.97817483183,9,2599028.8035734864
2024-03-21,,2744518.9730943353,1,2744518.9730943353
2024-03-08,Thiết bị điện tử,397764.3907402483,2,795528.7814804966
2024-03-24,Đồ thể thao,1575580.7276077787,7,11029065.09325445
2024-03-20,Thiết bị điện tử,2577724.42742935,2,5155448.8548587
2024-03-31,Thời trang,1443603.6422537968,4,5774414.569015187
2024-03-26,Đồ thể thao,538727.5447648698,2,1077455.0895297397
2024-03-13,,1150930.7036853856,2,2301861.4073707713
2024-03-17,Sách,2965742.7126191524,1,2965742.7126191524
2024-03-11,Sách,2999289.6001491663,9,26993606.401342496
2024-03-17,,2146963.2206408405,3,6440889.661922522
2024-03-17,unknown,2669577.3125956436,1,2669577.3125956436
2024-03-13,Sách,180409.8480855131,6,
2024-03-11,Sách,864116.1461983492,8,6912929.1695867935
2024-03-22,Thời trang,1138430.670652805,7,7969014.694569634
2024-03-05,unknown,85393.06003113656,7,597751.420217956
2024-03-30,unknown,1162036.5890109986,2,2324073.178021997
2024-03-20,Gia dụng,324443.17592523067,4,1297772.7037009227
2024-03-02,,1576357.4409460402,6,9458144.64567624
2024-03-28,Đồ thể thao,63036.961251843655,2,126073.92250368731
2024-03-09,unknown,847827.1712730972,5,4239135.856365486
2024-03-26,Gia dụng,2605536.0377709237,5,13027680.188854618
2024-03-24,,678521.2590647804,3,
2024-03-09,Đồ thể thao,241288.11746439713,2,482576.23492879426
2024-03-25,,786705.8141258921,7,5506940.698881245
2024-03-24,Sách,2491298.182710286,8,19930385.46168229
2024-03-04,,1782202.7223088671,4,7128810.889235469
2024-03-18,unknown,1778919.3895457452,4,7115677.558182981
2024-03-29,Thiết bị điện tử,51693.334419131344,9,465240.0097721821
2024-03-16,unknown,1442846.0809330528,4,5771384.323732211
2024-03-22,Thời trang,833573.2171186461,3,2500719.6513559385
2024-03-14,Đồ thể thao,1041816.5860383653,1,1041816.5860383653
2024-03-06,Sách,1816125.581120958,3,5448376.743362874
2024-03-09,Thiết bị điện tử,2629302.3366197967,5,13146511.683098983
2024-03-15,Sách,585887.872221739,2,1171775.744443478
2024-03-30,unknown,2316254.969822214,5,11581274.849111069
2024-03-21,Thời trang,194261.4234433903,9,1748352.8109905126
2024-03-22,unknown,1013851.039442198,6,6083106.236653188
2024-03-14,unknown,695792.4345555617,3,2087377.3036666852
2024-03-20,Thiết bị điện tử,2750972.751835218,5,13754863.75917609
2024-03-17,,575093.8237792559,1,575093.8237792559
2024-03-02,Đồ thể thao,1756964.158486484,8,14055713.267891873
2024-03-24,,536110.3389779576,9,4824993.050801618
2024-03-19,Đồ thể thao,1446776.960066206,5,7233884.80033103
2024-03-05,unknown,1269529.7090269886,9,11425767.381242897
2024-03-05,,172003.71708985107,8,1376029.7367188085
2024-03-06,Đồ thể thao,2486309.401416782,8,19890475.211334255
2024-03-07,Đồ thể thao,2351332.509594099,2,4702665.019188198
2024-03-11,Thiết bị điện tử,869682.1976000252,5,4348410.988000127
2024-03-30,Thời trang,1861285.6538430615,8,14890285.230744492
2024-03-29,Thiết bị điện tử,1119875.2635982963,3,3359625.790794889
2024-03-25,Đồ thể thao,2319220.0726758665,1,2319220.0726758665
2024-03-14,Thời trang,2092829.1460344295,4,8371316.584137718
2024-03-28,Gia dụng,316877.5943038875,4,1267510.37721555
2024-03-14,Gia dụng,2540355.087841096,4,10161420.351364383
2024-03-11,unknown,579307.0100303738,4,2317228.0401214953
2024-03-22,,563623.6222729115,9,5072612.600456203
2024-03-23,Thiết bị điện tử,2214553.280717677,1,2214553.280717677
2024-03-07,Đồ thể thao,590590.6311027479,9,5315315.679924731
2024-03-27,,411071.0129472142,7,2877497.090630499
2024-03-28,Gia dụng,1039969.3403240188,5,5199846.7016200945
2024-03-22,Gia dụng,2524201.8183693714,2,5048403.636738743
2024-03-26,unknown,571585.8367859379,4,2286343.3471437516
2024-03-15,Sách,1050265.3296975694,4,4201061.3187902775
2024-03-24,Sách,894449.1542029065,4,3577796.616811626
2024-03-04,,1100379.5509236637,2,2200759.1018473273
2024-03-20,unknown,2157101.7933552023,8,17256814.34684162
2024-03-18,,1246123.4639039452,4,4984493.855615781
2024-03-10,Thời trang,2290751.209955486,9,20616760.889599375
2024-03-20,Thời trang,1939189.2578326836,2,3878378.5156653672
2024-03-18,Đồ thể thao,1115242.587221306,7,7806698.110549143
2024-03-28,Gia dụng,1325110.3057413301,5,6625551.528706651
2024-03-11,Thiết bị điện tử,2125687.0005725846,5,10628435.002862923
2024-03-12,Thiết bị điện tử,1627528.468875779,7,11392699.282130454
2024-03-16,Sách,2611603.476210791,4,10446413.904843165
2024-03-13,unknown,2802891.0845064633,3,8408673.25351939
2024-03-01,unknown,2167236.6118131108,9,19505129.506317995
2024-03-24,unknown,2968161.0034757233,3,8904483.01042717
2024-03-15,Thời trang,1809783.5228870383,5,9048917.614435192
2024-03-19,Đồ thể thao,167500.83141658703,2,335001.66283317405
2024-03-18,unknown,1539313.5655751321,7,10775194.959025925
2024-03-11,Sách,728527.3741882838,7,5099691.619317987
2024-03-13,Sách,1034453.8821337104,5,5172269.410668552
2024-03-21,Đồ thể thao,1495706.6538371989,8,11965653.23069759
2024-03-08,Đồ thể thao,920399.8730119527,9,8283598.857107574
2024-03-04,,963383.8343572515,4,3853535.337429006
2024-03-03,Gia dụng,1235948.1924100374,2,2471896.384820075
2024-03-20,unknown,895049.1758811169,2,1790098.3517622338
2024-03-31,Đồ thể thao,550027.9357846801,4,2200111.7431387203
2024-03-13,Đồ thể thao,2308402.774585371,6,13850416.647512225
2024-03-18,Sách,1215874.6990028406,6,7295248.194017043
2024-03-08,Sách,2503684.0364453825,2,5007368.072890765
2024-03-29,Thiết bị điện tử,2654015.119068154,1,2654015.119068154
2024-03-01,,2265342.284147869,2,4530684.568295738
2024-03-11,Thiết bị điện tử,1220185.8280234116,8,9761486.624187293
2024-03-24,Thiết bị điện tử,2177900.23341335,5,10889501.16706675
2024-03-19,Đồ thể thao,507900.4879167901,3,1523701.4637503703
2024-03-03,Gia dụng,2000291.48950888,9,18002623.40557992
2024-03-07,Sách,1247794.58866389,7,8734562.12064723
2024-03-31,Thời trang,1984151.024225588,8,15873208.193804704
2024-03-28,unknown,2276632.246818084,6,13659793.480908502
2024-03-17,unknown,1709925.13969824,7,11969475.977887679
2024-03-07,Gia dụng,1945311.8495119372,3,5835935.548535812
2024-03-30,,679907.3976455113,1,679907.3976455113
2024-03-31,unknown,1798463.6863925292,1,1798463.6863925292
2024-03-07,Thời trang,1408399.151945985,1,1408399.151945985
2024-03-16,,1312755.9356937618,7,9189291.549856333
2024-03-07,unknown,1260431.4753953188,2,2520862.9507906376
2024-03-05,Đồ thể thao,967225.8825583124,6,5803355.2953498745
2024-03-25,,950737.254039964,1,950737.254039964
2024-03-04,unknown,2114133.9624540843,8,16913071.699632674
2024-03-11,Thời trang,1695509.279715151,5,8477546.398575755
2024-03-19,,138358.7167228096,9,1245228.4505052865
2024-03-12,,193149.42873266584,3,579448.2861979975
2024-03-04,Thiết bị điện tử,1731851.0530922685,2,3463702.106184537
2024-03-20,,2546536.2624752223,8,20372290.09980178
2024-03-31,Sách,179734.54306642167,5,898672.7153321083
2024-03-10,Gia dụng,1546260.4556248349,1,1546260.4556248349
2024-03-28,Thiết bị điện tử,2560849.357741822,6,15365096.146450933
2024-03-03,Sách,63121.53539154626,3,189364.6061746388
2024-03-05,unknown,863592.027425328,8,6908736.219402624
2024-03-20,,2763764.6441208203,6,16582587.864724923
2024-03-01,unknown,290335.3890051353,2,580670.7780102706
2024-03-20,Thiết bị điện tử,1840639.608623485,6,11043837.65174091
2024-03-15,Gia dụng,1546775.9164680145,3,4640327.749404043
2024-03-31,Đồ thể thao,497454.12128919066,7,
2024-03-06,Thời trang,175336.67945912798,1,175336.67945912798
2024-03-06,Đồ thể thao,1532631.9501462765,1,1532631.9501462765
2024-03-01,,2218634.0575177255,4,8874536.230070902
2024-03-04,,572866.1931075036,7,4010063.351752525
2024-03-21,unknown,2089393.4950201495,4,error
2024-03-05,Thời trang,1661830.7696686874,9,14956476.927018186
2024-03-20,Thời trang,1105646.955492663,8,8845175.643941304
2024-03-30,unknown,2010069.9638642005,5,10050349.819321003
2024-03-30,,616331.4938722809,1,616331.4938722809
2024-03-26,Gia dụng,1397947.396806811,3,4193842.190420433
2024-03-03,Gia dụng,1670449.6956164548,8,13363597.564931639
2024-03-21,Đồ thể thao,1403151.8437833926,7,9822062.906483747
2024-03-13,Sách,1222629.0617286472,8,9781032.493829178
2024-03-04,Sách,2235695.236726298,1,2235695.236726298
2024-03-22,Đồ thể thao,1985497.851240932,2,3970995.702481864
2024-03-16,unknown,1936413.1518161802,7,13554892.062713262
2024-03-24,Thời trang,2680811.9024950084,5,13404059.512475042
2024-03-04,unknown,2980826.939196653,5,14904134.695983266
2024-03-18,Gia dụng,1723253.3729996127,9,15509280.356996514
2024-03-12,Đồ thể thao,1077390.2391993944,1,1077390.2391993944
2024-03-19,Sách,2347682.2800863534,5,11738411.400431767
2024-03-11,Thời trang,469192.23520935676,7,3284345.646465497
2024-03-03,Sách,1563082.0545803288,5,
2024-03-13,Thời trang,1597300.0217661865,7,11181100.152363306
2024-03-17,Sách,2951230.209212475,1,2951230.209212475
2024-03-30,,2973470.104210808,5,14867350.52105404
2024-03-27,Thiết bị điện tử,2407681.7079286156,6,14446090.247571694
2024-03-28,Thời trang,1445396.2789674604,6,8672377.673804762
2024-03-17,Thời trang,1664316.0804256115,4,6657264.321702446
2024-03-15,unknown,993237.812979352,5,4966189.06489676
2024-03-15,Thời trang,2498044.8258495517,8,19984358.606796414
2024-03-26,Thiết bị điện tử,2252311.2718153326,6,13513867.630891996
2024-03-21,Thiết bị điện tử,2325704.599081163,1,2325704.599081163
2024-03-21,unknown,459095.19755755074,5,2295475.987787754
2024-03-16,Sách,1225970.2153655062,7,8581791.507558543
2024-03-28,Gia dụng,1635187.4867447356,8,13081499.893957885
2024-03-04,unknown,417741.0075375273,4,1670964.0301501092
2024-03-21,,1137437.927831599,2,2274875.855663198
2024-03-31,Sách,307925.941121921,4,1231703.764487684
2024-03-25,Thời trang,2878581.6204610458,6,17271489.722766273
2024-03-08,Thời trang,2266226.8222492714,6,13597360.93349563
2024-03-10,,1881206.9569050474,6,
2024-03-10,unknown,654326.4789044951,1,654326.4789044951
2024-03-28,Sách,1035675.9396735495,7,7249731.5777148465
2024-03-13,Đồ thể thao,476230.4606444115,7,3333613.2245108807
2024-03-28,Gia dụng,1631552.8995349628,5,8157764.497674814
2024-03-22,Thiết bị điện tử,2470522.1698749964,4,9882088.679499986
2024-03-04,Gia dụng,106157.7389849443,3,318473.2169548329
2024-03-10,Đồ thể thao,354760.5756071677,8,2838084.6048573414
2024-03-10,Sách,726581.8331262846,8,5812654.665010277
2024-03-17,unknown,2156496.892319309,3,6469490.676957928
2024-03-03,Sách,2687240.5243695746,5,13436202.621847874
2024-03-20,Thời trang,2271386.3934847503,8,18171091.147878002
2024-03-18,,1598595.2730041393,6,9591571.638024837
2024-03-20,Sách,360081.47413709795,2,720162.9482741959
2024-03-04,Đồ thể thao,2276997.404351637,1,2276997.404351637
2024-03-06,Sách,361637.23410294607,7,2531460.6387206223
2024-03-25,unknown,1075685.0725137086,2,2151370.145027417
2024-03-08,Sách,958574.9589209897,4,3834299.8356839586
2024-03-05,Đồ thể thao,1109709.2170052396,6,6658255.302031437
2024-03-01,Thiết bị điện tử,1022110.678032046,7,7154774.746224321
2024-03-04,Gia dụng,2319080.164314295,7,16233561.150200065
2024-03-28,unknown,556585.0151870701,7,3896095.1063094907
2024-03-15,Sách,2545245.847816708,4,10180983.391266832
2024-03-22,Gia dụng,2581867.730059325,6,15491206.38035595
2024-03-22,Gia dụng,1498231.1773269973,3,4494693.531980991
2024-03-26,Thời trang,363138.80804330925,8,2905110.464346474
2024-03-04,Thiết bị điện tử,1747451.3550961448,1,1747451.3550961448
2024-03-21,Gia dụng,2471747.5468075653,8,19773980.374460522
2024-03-15,Thời trang,903946.8817118376,5,4519734.408559188
2024-03-19,Đồ thể thao,2521354.9013796416,8,20170839.211037133
2024-03-25,Đồ thể thao,2046910.6155083007,4,8187642.462033203
2024-03-19,Đồ thể thao,2962377.000191365,2,5924754.00038273
2024-03-04,,2482898.5222915635,4,9931594.089166254
2024-03-12,,644426.3690743049,8,5155410.9525944395
2024-03-09,unknown,1374561.9758421506,1,1374561.9758421506
2024-03-16,Đồ thể thao,355349.97116769425,5,1776749.8558384713
2024-03-12,Đồ thể thao,255528.17209901154,6,1533169.0325940694
2024-03-29,Thời trang,2132860.010569957,4,8531440.042279828
2024-03-18,Thiết bị điện tử,2743148.824083331,4,10972595.296333324
2024-03-28,Thiết bị điện tử,2922047.7741919933,4,11688191.096767973
2024-03-14,Thời trang,847875.744975156,3,2543627.234925468
2024-03-11,Thời trang,645225.4584850103,5,3226127.2924250513
2024-03-18,,1702648.6668306286,6,10215892.000983771
2024-03-09,Sách,642537.215586466,3,1927611.646759398
2024-03-10,Gia dụng,922925.9157012448,3,2768777.7471037344
2024-03-21,,2519817.6737314127,9,22678359.063582715
2024-03-31,unknown,2440865.426606283,2,4881730.853212566
2024-03-29,,2690466.1612604507,6,16142796.967562705
2024-03-31,Đồ thể thao,1472618.369038969,8,11780946.952311752
2024-03-25,,1714052.9143957186,8,
2024-03-09,,2323239.049079965,1,2323239.049079965
2024-03-21,Gia dụng,755833.3227028169,1,755833.3227028169
2024-03-28,Sách,2478126.09428378,8,19825008.75427024
2024-03-15,unknown,101794.56549541774,1,101794.56549541774
2024-03-08,Thiết bị điện tử,2403096.671994891,3,7209290.015984673
2024-03-02,unknown,2338928.4461648953,9,21050356.015484057
2024-03-08,Đồ thể thao,940250.8520356498,3,2820752.556106949
2024-03-21,,2197341.456575239,2,4394682.913150478
2024-03-05,,681281.1617810049,1,681281.1617810049
2024-03-05,Thiết bị điện tử,1749886.2810789412,1,1749886.2810789412
2024-03-20,Thời trang,2116730.9860031796,3,6350192.958009539
2024-03-20,unknown,2158361.703087566,6,12950170.218525395
2024-03-05,Gia dụng,2949658.6483159615,7,20647610.53821173
2024-03-01,Thiết bị điện tử,586916.7024447082,6,3521500.2146682492
2024-03-02,Sách,1468355.9552271455,6,8810135.731362872
2024-03-27,Thiết bị điện tử,2646308.405505522,9,23816775.6495497
2024-03-05,Đồ thể thao,1706462.1879065023,4,6825848.751626009
2024-03-28,Đồ thể thao,2635347.625001066,5,13176738.125005329
2024-03-18,Gia dụng,1330473.393307093,1,1330473.393307093
2024-03-19,Thời trang,2396286.6923250905,4,9585146.769300362
2024-03-30,,2616645.4320899188,6,15699872.592539512
2024-03-07,Đồ thể thao,2546996.140646307,7,17828972.984524146
2024-03-05,Sách,2620526.881443686,2,5241053.762887372
2024-03-15,unknown,697686.3549913388,6,4186118.129948033
2024-03-27,Gia dụng,1345003.1853151529,3,4035009.555945459
2024-03-01,Đồ thể thao,564987.0196224562,7,3954909.137357193
2024-03-16,Sách,582596.4734557407,9,5243368.261101667
2024-03-11,,1489090.5581610799,4,5956362.2326443195
2024-03-24,Thiết bị điện tử,2882258.876392301,8,23058071.01113841
2024-03-21,,1796138.3535882842,6,10776830.121529706
2024-03-07,Sách,2568843.0349227176,3,7706529.104768153
2024-03-05,,2814692.783842065,3,8444078.351526195
2024-03-08,Gia dụng,305397.3086490104,3,error
2024-03-06,Đồ thể thao,528088.7710296665,4,2112355.084118666
2024-03-22,Thời trang,907983.2515252661,2,1815966.5030505322
2024-03-26,Thời trang,1869492.3505792671,5,9347461.752896335
2024-03-03,Sách,232101.19456346953,8,1856809.5565077562
2024-03-07,Sách,2370630.8040854307,7,16594415.628598016
2024-03-27,Sách,238176.71492178467,9,2143590.434296062
2024-03-07,Đồ thể thao,517373.8323161145,3,1552121.4969483435
2024-03-15,Thời trang,1176038.1993020542,4,4704152.797208217
2024-03-19,Thời trang,1695273.5771116815,8,13562188.616893452
2024-03-24,Gia dụng,2650438.7881239853,3,error
2024-03-29,Gia dụng,2893002.846862512,1,2893002.846862512
2024-03-06,Thiết bị điện tử,2659694.2659321865,2,5319388.531864373
2024-03-14,Đồ thể thao,365781.74017051334,8,2926253.9213641067
2024-03-06,Sách,1912126.981501188,7,13384888.870508315
2024-03-08,Gia dụng,1353057.987754221,4,5412231.951016884
2024-03-13,Thiết bị điện tử,421087.0434282057,8,
2024-03-18,Thiết bị điện tử,1687581.4951949792,3,5062744.485584938
2024-03-15,Thời trang,1102142.0014770126,1,1102142.0014770126
2024-03-15,Đồ thể thao,1070074.1259242347,4,4280296.503696939
2024-03-29,Đồ thể thao,328613.10019805667,6,1971678.60118834
2024-03-04,,2937616.248728608,6,17625697.49237165
2024-03-29,Sách,2191581.7056602696,4,8766326.822641078
2024-03-03,Đồ thể thao,876985.9234542358,8,7015887.387633886
2024-03-02,,2756551.71385063,9,24808965.42465567
2024-03-02,Sách,2846857.229174118,2,5693714.458348236
2024-03-27,Đồ thể thao,2440605.7877842444,3,7321817.363352733
2024-03-04,Thời trang,1994979.7341282936,8,15959837.873026349
2024-03-22,,1160311.028181636,1,1160311.028181636
2024-03-28,Thiết bị điện tử,1331322.1978647804,1,1331322.1978647804
2024-03-24,Đồ thể thao,1392283.19763139,7,9745982.38341973
2024-03-09,unknown,2848849.8324005487,7,19941948.82680384
2024-03-15,Đồ thể thao,2292397.0838528816,7,16046779.586970171
2024-03-21,Thời trang,911442.1948440137,5,4557210.974220068
2024-03-16,Gia dụng,1892689.7315165722,7,13248828.120616006
2024-03-22,Sách,1802006.583310156,9,
2024-03-21,Gia dụng,2445774.6479532537,6,14674647.887719523
2024-03-04,Thiết bị điện tử,331159.768148537,6,1986958.6088912222
2024-03-10,Gia dụng,2118751.1949776052,3,6356253.584932815
2024-03-14,unknown,1026951.0289594439,7,7188657.2027161075
2024-03-25,unknown,432414.5201015478,6,2594487.120609287
2024-03-25,Thiết bị điện tử,2208731.3266759263,5,11043656.63337963
2024-03-12,Sách,1028355.7704118384,3,3085067.3112355154
2024-03-24,Thời trang,2203865.0438285363,3,6611595.131485609
2024-03-05,unknown,529189.0026798993,6,3175134.016079396
2024-03-13,unknown,2958487.0822072695,6,17750922.493243616
2024-03-19,Thiết bị điện tử,2420053.64625728,5,12100268.231286399
2024-03-22,Sách,902997.7686890865,3,2708993.3060672595
2024-03-20,,2234546.5494826236,2,4469093.098965247
2024-03-31,Thời trang,450609.6334909774,4,1802438.5339639096
2024-03-27,Gia dụng,1977640.483897874,4,7910561.935591496
2024-03-17,Gia dụng,225928.75087675377,2,451857.50175350753
2024-03-28,Thiết bị điện tử,1033493.0063125059,9,9301437.056812553
2024-03-05,Đồ thể thao,2936464.508699565,3,8809393.526098695
2024-03-10,,406715.10391396174,1,406715.10391396174
2024-03-22,Đồ thể thao,1812400.8957009157,5,9062004.47850458
2024-03-24,,258285.8885994854,3,774857.6657984562
2024-03-12,Thời trang,2024733.5740116187,6,12148401.444069713
2024-03-25,Gia dụng,872053.351233611,1,872053.351233611
2024-03-07,Sách,964428.0242999048,4,3857712.0971996193
2024-03-15,,1046517.4791208927,1,1046517.4791208927
2024-03-25,Thời trang,655212.6031455471,1,655212.6031455471
2024-03-07,Thiết bị điện tử,2827889.2859594445,8,22623114.287675556
2024-03-14,,2722203.9350662827,4,10888815.740265131
2024-03-26,Thiết bị điện tử,2616544.9284524783,3,7849634.785357434
2024-03-25,Thời trang,364014.3629030245,6,2184086.1774181467
2024-03-30,Sách,738662.273594925,9,6647960.462354325
2024-03-23,Gia dụng,1856066.28496969,6,11136397.70981814
2024-03-20,Gia dụng,2912594.454099992,1,2912594.454099992
2024-03-08,Sách,1834211.2777988177,8,14673690.222390542
2024-03-13,Gia dụng,1014950.1969407661,1,1014950.1969407661
2024-03-06,,2461342.128128885,3,7384026.384386655
2024-03-07,Đồ thể thao,449520.12220372114,9,4045681.0998334903
2024-03-16,Đồ thể thao,2651138.556191211,4,10604554.224764844
2024-03-18,Sách,2925296.530852611,8,23402372.24682089
2024-03-12,unknown,2904575.3291516523,9,26141177.96236487
2024-03-24,Đồ thể thao,485704.8620765964,8,3885638.8966127713
2024-03-22,,1671342.1451473185,6,10028052.870883912
2024-03-21,Thời trang,1775511.1374522855,9,15979600.23707057
2024-03-05,Gia dụng,625009.8417398238,6,error
2024-03-02,,1662993.1743192847,5,8314965.871596424
2024-03-13,Thời trang,1957285.8432205673,8,15658286.745764539
2024-03-10,Sách,1020437.1470038249,4,4081748.5880152998
2024-03-29,,981258.2611837027,3,2943774.783551108
2024-03-18,,227703.57434504203,4,910814.2973801681
2024-03-07,unknown,2872635.4017769923,9,25853718.61599293
2024-03-28,Đồ thể thao,2420666.9876264385,4,9682667.950505754
2024-03-16,Thời trang,2290374.936168174,7,16032624.553177217
2024-03-17,Thời trang,114247.81382846044,1,114247.81382846044
2024-03-11,unknown,1891711.8585466892,6,11350271.151280135
2024-03-06,Thiết bị điện tử,582854.1796008343,8,4662833.436806674
2024-03-03,Thời trang,2002066.7173506261,7,14014467.021454383
2024-03-10,Đồ thể thao,1882408.698377505,5,9412043.491887525
2024-03-28,Gia dụng,2563179.805108538,4,10252719.220434152
2024-03-27,unknown,803530.581178663,2,1607061.162357326
2024-03-02,Gia dụng,131012.24791504488,1,131012.24791504488
2024-03-26,Gia dụng,2746627.094158979,1,2746627.094158979
2024-03-08,Đồ thể thao,2730476.2840154665,5,13652381.420077331
2024-03-13,Gia dụng,1394785.64609384,9,12553070.81484456
2024-03-04,,280359.77383501513,7,1962518.416845106
2024-03-03,unknown,1519008.51706173,2,3038017.03412346
2024-03-18,,1595841.9512915006,6,9575051.707749004
2024-03-17,unknown,2474090.1417312715,7,17318630.992118903
2024-03-27,Gia dụng,2165449.2608802766,8,17323594.087042212
2024-03-29,Sách,258873.4989893412,9,2329861.490904071
2024-03-04,Sách,2130745.952214406,3,6392237.856643218
2024-03-14,Thiết bị điện tử,450431.4321672961,2,900862.8643345922
2024-03-14,,313942.4797959879,7,2197597.3585719154
2024-03-13,Thiết bị điện tử,1225891.0377329206,8,9807128.301863365
2024-03-18,Thời trang,278222.6401608178,9,2504003.7614473603
2024-03-27,Thời trang,2496343.5316657415,5,12481717.658328708
2024-03-15,,1416231.095769713,9,12746079.861927416
2024-03-01,,1781661.0792032476,1,1781661.0792032476
2024-03-01,unknown,1751750.3443374292,9,15765753.099036863
2024-03-01,Thời trang,2935423.869732377,5,
2024-03-12,unknown,2751558.395491602,2,5503116.790983204
2024-03-17,Thiết bị điện tử,2554927.7734168367,6,15329566.64050102
2024-03-06,Gia dụng,1180644.2193937476,1,1180644.2193937476
2024-03-09,unknown,478044.1164897031,7,3346308.8154279217
2024-03-24,Thời trang,1796007.6573958723,7,12572053.601771105
2024-03-01,Gia dụng,1348932.4215746953,8,10791459.372597562
2024-03-16,Gia dụng,715303.6246172478,1,715303.6246172478
2024-03-26,Thiết bị điện tử,338191.7400202974,2,676383.4800405948
2024-03-02,unknown,1336475.2271158071,1,1336475.2271158071
2024-03-07,Sách,1970059.7749482687,8,15760478.19958615
2024-03-15,,1894899.9505248414,8,15159199.604198731
2024-03-26,Sách,2333068.2474722164,3,6999204.742416649
2024-03-09,Đồ thể thao,1426336.149426857,2,2852672.298853714
2024-03-12,Sách,998836.7470186071,9,8989530.723167464
2024-03-04,Thời trang,1639166.2302443944,5,8195831.151221972
2024-03-31,Thiết bị điện tử,2926267.8763197265,9,26336410.886877537
2024-03-18,Gia dụng,183017.08723663553,2,366034.17447327106
2024-03-25,Thiết bị điện tử,1609564.119534233,6,9657384.717205398
2024-03-13,unknown,1021330.2820083214,1,1021330.2820083214
2024-03-08,,360783.20482096577,7,2525482.4337467602
2024-03-30,unknown,1332278.169594128,4,5329112.678376512
2024-03-31,Đồ thể thao,1941434.1834494562,7,13590039.284146193
2024-03-29,Đồ thể thao,1608088.423369258,9,14472795.810323322
2024-03-08,Đồ thể thao,136070.58727995038,1,136070.58727995038
2024-03-19,Gia dụng,1758396.5202407842,1,1758396.5202407842
2024-03-30,Đồ thể thao,734407.6222120969,7,5140853.355484678
2024-03-01,,1057355.8373708948,2,2114711.6747417897
2024-03-20,Đồ thể thao,971003.9926144298,8,7768031.940915438
2024-03-04,Đồ thể thao,2582614.2579357647,4,10330457.031743059
2024-03-21,,190340.40202724567,7,1332382.8141907197
2024-03-09,,1076590.4184698926,2,2153180.836939785
2024-03-30,Gia dụng,1214708.1937423144,8,9717665.549938515
2024-03-25,unknown,1875561.0772768913,6,11253366.463661348
2024-03-04,Đồ thể thao,2377446.3030149397,1,2377446.3030149397
2024-03-11,Thời trang,2196612.1561116725,9,19769509.405005053
2024-03-23,Thiết bị điện tử,2270235.2047102777,2,4540470.409420555
2024-03-05,Đồ thể thao,617541.6980951848,4,2470166.792380739
2024-03-14,Đồ thể thao,2739624.95754858,9,24656624.617937222
2024-03-15,Thiết bị điện tử,1271738.6044099792,8,10173908.835279834
2024-03-05,unknown,82771.6413045304,8,662173.1304362433
2024-03-22,Đồ thể thao,2020883.7371503445,4,8083534.948601378
2024-03-12,unknown,1831808.2571813194,1,1831808.2571813194
2024-03-15,,421575.02351307904,4,1686300.0940523162
2024-03-25,unknown,2881609.4359575496,3,8644828.30787265
2024-03-28,Đồ thể thao,1706615.0708975093,3,5119845.212692528
2024-03-15,Thời trang,1434328.7596115095,1,1434328.7596115095
2024-03-23,unknown,1224460.5550103532,9,11020144.995093178
2024-03-01,,669061.5662611686,3,2007184.6987835057
2024-03-10,Sách,2860797.787175259,4,11443191.148701036
2024-03-24,Gia dụng,2121367.9852732252,1,2121367.9852732252
2024-03-12,Gia dụng,1724431.0593295384,3,5173293.177988615
2024-03-21,Thiết bị điện tử,1912040.59530038,1,1912040.59530038
2024-03-14,Thời trang,2529240.3524341746,4,10116961.409736698
2024-03-21,unknown,1925374.8288953549,7,13477623.802267484
2024-03-18,Gia dụng,388042.65046555235,8,3104341.2037244188
2024-03-10,Thiết bị điện tử,2107020.7185335103,8,16856165.748268083
2024-03-11,Thiết bị điện tử,1716364.6588836694,1,1716364.6588836694
2024-03-19,Thiết bị điện tử,2900715.117603998,6,17404290.705623988
2024-03-18,Gia dụng,2214471.683284831,8,17715773.466278646
2024-03-12,Sách,1064808.6021417715,8,8518468.817134172
2024-03-18,Thiết bị điện tử,449423.66165293934,9,4044812.954876454
2024-03-26,Đồ thể thao,1472727.7477847564,8,11781821.98227805
2024-03-01,Sách,2054095.1283947595,5,10270475.641973797
2024-03-26,Sách,572962.7778254257,1,572962.7778254257
2024-03-27,Đồ thể thao,1965860.6091511236,9,17692745.482360113
2024-03-26,Gia dụng,2485554.6861380725,5,12427773.430690363
2024-03-04,Gia dụng,513298.02623452386,7,3593086.183641667
2024-03-23,unknown,2132067.8256426686,7,14924474.779498681
2024-03-01,Thời trang,251360.0191194538,4,1005440.0764778152
2024-03-20,unknown,73452.74451586412,8,
2024-03-20,Gia dụng,146272.3246677937,9,1316450.9220101433
2024-03-27,Thời trang,1912938.5040474131,4,7651754.0161896525
2024-03-24,Thiết bị điện tử,2921418.055418353,2,5842836.110836706
2024-03-29,Gia dụng,2325548.14381227,4,9302192.57524908
2024-03-23,Gia dụng,800507.3171194672,2,1601014.6342389344
2024-03-29,unknown,261481.6251775017,1,261481.6251775017
2024-03-22,Đồ thể thao,1869129.6805292938,1,1869129.6805292938
2024-03-15,Thiết bị điện tử,59525.211199140955,4,238100.84479656382
2024-03-19,,2388127.5916025406,9,21493148.324422866
2024-03-22,,767205.5509888207,9,6904849.958899386
2024-03-23,Thời trang,932690.3741260064,7,6528832.618882045
2024-03-09,Thiết bị điện tử,1064738.0118667851,5,5323690.059333926
2024-03-25,,2302481.178068946,6,13814887.068413677
2024-03-04,Sách,833938.5210745917,1,833938.5210745917
2024-03-02,Đồ thể thao,889189.1369668005,3,2667567.410900402
2024-03-17,Sách,1645926.217553357,1,1645926.217553357
2024-03-23,,1415851.5594560376,5,7079257.797280188
2024-03-23,Thời trang,2868930.58206141,4,11475722.32824564
2024-03-04,Gia dụng,827019.9171379845,3,2481059.7514139535
2024-03-27,Gia dụng,321079.16764800093,6,1926475.0058880057
2024-03-18,Gia dụng,1645895.3500382034,6,9875372.10022922
2024-03-10,Thời trang,594332.7570835253,9,5348994.813751727
2024-03-13,Sách,1270198.7658138804,4,5080795.0632555215
2024-03-18,Thời trang,602233.9335177154,9,
2024-03-03,Thời trang,2648861.171738971,4,10595444.686955884
2024-03-18,Sách,1015976.4153410599,8,8127811.322728479
2024-03-15,,2335859.1407581563,8,18686873.12606525
2024-03-06,Gia dụng,2848380.0096869827,2,5696760.019373965
2024-03-25,Đồ thể thao,2824624.211522419,8,22596993.692179352
2024-03-08,Thời trang,1598163.2351174452,2,3196326.4702348905
2024-03-05,Thời trang,2950602.5638209973,8,error
2024-03-18,Sách,1985014.7942104987,6,11910088.765262991
2024-03-28,,429042.3632685295,3,1287127.0898055884
2024-03-01,unknown,2670711.9820218002,7,
2024-03-02,Đồ thể thao,1432633.263173053,6,8595799.579038318
2024-03-16,unknown,500448.1489921053,3,
2024-03-29,Thời trang,2384694.1784573547,5,11923470.892286774
2024-03-30,unknown,1891988.8723539333,4,7567955.489415733
2024-03-12,Thiết bị điện tử,2652256.8662515758,6,15913541.197509455
2024-03-16,Đồ thể thao,2490601.2668032716,1,2490601.2668032716
2024-03-10,Thời trang,994325.7571604904,1,994325.7571604904
2024-03-05,Đồ thể thao,806127.9667481445,8,6449023.733985156
2024-03-24,,2214794.2172770086,8,17718353.73821607
2024-03-24,unknown,1741272.9501176216,9,15671456.551058594
2024-03-22,Thiết bị điện tử,256130.69004023977,8,2049045.5203219182
2024-03-12,Thiết bị điện tử,585831.5079215968,2,1171663.0158431935
2024-03-03,Đồ thể thao,496492.668090449,5,2482463.340452245
2024-03-13,Gia dụng,1789900.8044310962,8,14319206.43544877
2024-03-31,Đồ thể thao,302998.6763442842,9,2726988.087098558
2024-03-10,Sách,662717.7638308766,6,3976306.5829852596
2024-03-05,Gia dụng,1658860.6626501437,4,6635442.650600575
2024-03-13,,442517.5892320889,9,3982658.3030888
2024-03-02,Thiết bị điện tử,782401.8565984335,4,3129607.426393734
2024-03-09,Gia dụng,2725033.549807206,6,16350201.298843235
2024-03-17,Thiết bị điện tử,2106496.6794935367,5,10532483.397467684
2024-03-26,Thiết bị điện tử,955300.2125210607,1,955300.2125210607
2024-03-29,Thiết bị điện tử,2638197.610945129,4,10552790.443780515
2024-03-24,Sách,788340.1843963952,3,2365020.5531891854
2024-03-26,Sách,1787793.9954280606,8,14302351.963424485
2024-03-08,Thời trang,1137058.2960505316,7,7959408.072353721
2024-03-31,,2268840.75760882,1,2268840.75760882
2024-03-28,Sách,1146182.700016907,8,9169461.600135256
2024-03-29,,784141.9343841358,7,5488993.540688951
2024-03-04,Thiết bị điện tử,1842728.592029745,2,3685457.18405949
2024-03-21,,2248754.3030644646,4,8995017.212257858
2024-03-10,Đồ thể thao,1632272.8801470692,2,3264545.7602941385
2024-03-30,,2163050.4427853855,9,19467453.98506847
2024-03-01,Gia dụng,1294947.8058254893,8,10359582.446603915
2024-03-12,Đồ thể thao,2396566.1279267273,1,2396566.1279267273
2024-03-09,Thiết bị điện tử,1775822.8046564108,1,1775822.8046564108
2024-03-14,Đồ thể thao,628937.4551147685,8,5031499.640918148
2024-03-06,Gia dụng,2677717.5241464376,5,13388587.620732188
2024-03-29,Thời trang,2518630.6758918487,1,2518630.6758918487
2024-03-09,Thời trang,2893541.017059822,4,11574164.068239288
2024-03-06,,1728575.1232935274,2,3457150.246587055
2024-03-05,,2043435.9030868716,9,18390923.127781846
2024-03-24,Sách,2597558.7468764717,6,
2024-03-14,Đồ thể thao,205144.4296748424,9,1846299.8670735816
2024-03-16,Sách,2741003.6684972243,1,2741003.6684972243
2024-03-25,Sách,849932.0916293077,1,849932.0916293077
2024-03-03,Đồ thể thao,218278.86099025115,4,873115.4439610046
2024-03-07,Đồ thể thao,750940.6111802298,2,1501881.2223604596
2024-03-20,Gia dụng,1779761.8919462508,1,1779761.8919462508
2024-03-29,Đồ thể thao,191148.6462880368,6,1146891.8777282208
2024-03-28,Đồ thể thao,52256.06065136943,8,418048.48521095543
2024-03-30,,1936119.885740605,1,1936119.885740605
2024-03-31,Sách,1387492.6749412185,6,8324956.049647311
2024-03-11,Thời trang,2540774.240495044,1,2540774.240495044
2024-03-08,Thiết bị điện tử,809764.4962329174,8,
2024-03-01,Thời trang,878087.4327591885,6,
2024-03-14,Đồ thể thao,278761.89153204137,1,278761.89153204137
2024-03-24,Thiết bị điện tử,1638609.4557874296,9,14747485.102086866
2024-03-29,Đồ thể thao,1129417.9501866326,1,1129417.9501866326
2024-03-22,,1052138.1530328908,9,9469243.377296017
2024-03-21,Gia dụng,1400016.3889434347,3,4200049.166830304
2024-03-31,Đồ thể thao,2556577.7615266773,8,20452622.09221342
2024-03-24,Thiết bị điện tử,360306.35780360654,8,2882450.8624288524
2024-03-02,,1594601.2011844802,7,11162208.408291362
2024-03-04,Gia dụng,629483.2608996113,2,1258966.5217992226
2024-03-02,unknown,676554.0322009362,3,2029662.0966028087
2024-03-12,,807368.8755148523,5,4036844.3775742617
2024-03-31,Thiết bị điện tử,1405234.9935448312,5,7026174.967724156
2024-03-08,Gia dụng,1508480.1454569947,2,3016960.2909139893
2024-03-24,Sách,2620958.2218130846,1,2620958.2218130846
2024-03-19,unknown,2681730.8148814114,5,13408654.074407056
2024-03-08,unknown,1780659.398980041,5,8903296.994900204
2024-03-12,Thiết bị điện tử,880142.259178905,3,2640426.7775367154
2024-03-15,Sách,2464389.1231832304,8,19715112.985465843
2024-03-04,,2389001.880932619,6,14334011.285595713
2024-03-28,unknown,2403962.6264649113,2,4807925.252929823
2024-03-01,unknown,98284.37133198985,2,196568.7426639797
2024-03-15,unknown,2273898.381120059,4,9095593.524480237
2024-03-11,Sách,2565522.398536198,6,15393134.391217187
2024-03-10,Đồ thể thao,1834847.1680144023,9,16513624.51212962
2024-03-24,Thời trang,2266170.383917701,8,18129363.071341608
2024-03-29,Gia dụng,2339702.1101453123,8,18717616.8811625
2024-03-15,Thiết bị điện tử,1544421.0468671825,2,3088842.093734365
2024-03-29,,2450181.1128351907,4,9800724.451340763
2024-03-02,Sách,2387258.3718281738,6,14323550.230969042
2024-03-21,,2752507.853041839,6,16515047.118251033
2024-03-10,unknown,2768052.2147501702,6,16608313.28850102
2024-03-18,Đồ thể thao,1612658.0198853437,8,12901264.15908275
2024-03-22,Thiết bị điện tử,142906.82822283584,8,1143254.6257826868
2024-03-18,,106365.37402380469,7,744557.6181666328
2024-03-30,Đồ thể thao,2819833.7697383743,5,14099168.848691871
2024-03-08,Thiết bị điện tử,1045215.2033904839,6,6271291.220342903
2024-03-31,Đồ thể thao,1163722.9490221143,6,6982337.694132686
2024-03-10,Đồ thể thao,1436228.6867359453,3,
2024-03-16,Thời trang,834107.0417435518,3,2502321.1252306555
2024-03-19,Sách,1791721.8746945562,7,12542053.122861894
2024-03-30,Gia dụng,2364630.1552089397,6,14187780.931253638
2024-03-05,Gia dụng,809157.8292703427,5,4045789.1463517137
2024-03-29,Thiết bị điện tử,2242030.710424148,6,13452184.262544889
2024-03-25,Thiết bị điện tử,2032456.4726127232,6,
2024-03-22,,1600471.2152767053,4,6401884.861106821
2024-03-06,,1010054.1862858006,5,5050270.931429003
2024-03-29,Thời trang,2624684.6559525146,7,error
2024-03-29,Thiết bị điện tử,1238248.4115504774,1,1238248.4115504774
2024-03-06,Gia dụng,1155256.0512614676,6,6931536.307568805
2024-03-23,Sách,1942044.0117414182,5,
2024-03-05,Thời trang,2764978.3902125475,6,16589870.341275286
2024-03-13,unknown,1548652.8602260773,1,1548652.8602260773
2024-03-26,Thiết bị điện tử,2181937.4574855696,4,8727749.829942279
2024-03-13,unknown,1397804.9234432247,8,11182439.387545798
2024-03-06,unknown,695482.5704701707,4,2781930.281880683
2024-03-04,Thời trang,415659.362462227,8,3325274.899697816
2024-03-07,Thời trang,452162.9876731685,8,3617303.901385348
2024-03-04,Thời trang,112910.86178852158,2,225821.72357704316
2024-03-25,Thiết bị điện tử,1681061.7174099253,6,10086370.304459551
2024-03-14,Đồ thể thao,436762.6391533132,7,3057338.474073192
2024-03-15,Thiết bị điện tử,2603810.105776228,7,18226670.740433596
2024-03-24,Thiết bị điện tử,2949547.6977706356,1,2949547.6977706356
2024-03-11,,1512812.744004172,4,6051250.976016688
2024-03-16,Thiết bị điện tử,1376538.1405528917,7,9635766.983870242
2024-03-12,Thiết bị điện tử,1076813.80245116,6,6460882.814706961
2024-03-04,Thiết bị điện tử,1932179.4892525917,3,5796538.467757775
2024-03-14,Thời trang,1843679.9214434153,1,1843679.9214434153
2024-03-31,unknown,1062977.2567353994,5,5314886.283676997
2024-03-27,Thời trang,1062341.6226226843,8,8498732.980981475
2024-03-07,Thiết bị điện tử,1952171.3082839688,3,5856513.9248519065
2024-03-07,,1685911.2375796111,5,8429556.187898055
2024-03-04,Sách,2169738.5118281865,9,19527646.60645368
2024-03-23,,2827107.4310372737,8,22616859.44829819
2024-03-15,Sách,2349795.1049490185,9,21148155.944541167
2024-03-22,Đồ thể thao,947819.8386994379,5,4739099.193497189
2024-03-10,Sách,2289411.179859498,3,6868233.539578494
2024-03-09,Gia dụng,1377572.355571027,9,12398151.200139243
2024-03-12,Gia dụng,2344086.3525286946,4,9376345.410114778
2024-03-07,Sách,2665385.248123902,1,2665385.248123902
2024-03-10,Thiết bị điện tử,787321.0799332116,2,1574642.159866423
2024-03-18,Sách,754002.7840133718,8,6032022.272106974
2024-03-24,unknown,1326243.479408729,2,2652486.958817458
2024-03-27,Gia dụng,202024.92726164943,6,1212149.5635698966
2024-03-02,Sách,2072773.5208668748,5,10363867.604334375
2024-03-14,Thời trang,2261618.1847414146,9,20354563.662672732
2024-03-31,Đồ thể thao,1069018.5156405782,8,8552148.125124626
2024-03-30,Thời trang,1422591.4966353413,1,1422591.4966353413
2024-03-19,,1791551.9320194246,3,5374655.796058274
2024-03-23,Thời trang,267113.64574572636,5,1335568.2287286317
2024-03-22,unknown,2148327.7249031044,8,17186621.799224835
2024-03-17,unknown,1603769.9287096825,7,11226389.500967778
2024-03-13,Đồ thể thao,1891573.732557031,2,3783147.465114062
2024-03-16,Thiết bị điện tử,2185300.2135101054,7,15297101.494570738
2024-03-24,Đồ thể thao,2042898.285280809,5,10214491.426404046
2024-03-08,Thiết bị điện tử,331198.6866226141,6,error
2024-03-10,unknown,2358646.624541594,8,error
2024-03-22,Gia dụng,1849637.416409522,5,9248187.08204761
2024-03-20,unknown,2158898.4839207986,9,19430086.355287187
2024-03-22,Sách,821430.0887856607,1,821430.0887856607
2024-03-02,unknown,703210.2965935598,5,3516051.482967799
2024-03-09,unknown,2486972.2196893194,1,2486972.2196893194
2024-03-18,Gia dụng,1201648.0954634377,1,1201648.0954634377
2024-03-03,Gia dụng,1747272.8310949807,1,1747272.8310949807
2024-03-24,Gia dụng,1677206.6434803393,5,8386033.217401696
2024-03-05,unknown,1776242.1262364057,9,15986179.13612765
2024-03-08,Sách,255043.96102615778,2,510087.92205231555
2024-03-05,Thiết bị điện tử,942297.2545689276,6,5653783.527413566
2024-03-08,Đồ thể thao,246117.59148493203,5,1230587.9574246602
2024-03-24,unknown,1466474.8770425299,7,10265324.139297709
2024-03-28,Thiết bị điện tử,2711191.1072006174,7,18978337.75040432
2024-03-06,Thiết bị điện tử,1198069.7407771233,3,3594209.2223313698
2024-03-20,unknown,2358226.7740953895,6,14149360.644572336
2024-03-02,Thời trang,897376.7588583389,3,2692130.276575017
2024-03-14,Sách,2575984.027508577,2,5151968.055017154
2024-03-12,Thiết bị điện tử,1287534.1711796694,5,6437670.855898347
2024-03-16,unknown,1097891.3761701467,4,4391565.504680587
2024-03-07,Thiết bị điện tử,2107564.8333864976,4,8430259.33354599
2024-03-03,Gia dụng,1562633.9826545585,4,6250535.930618234
2024-03-09,,1045094.1319687878,8,8360753.055750302
2024-03-20,Thời trang,221372.076958556,1,221372.076958556
2024-03-17,Đồ thể thao,541586.0052589695,3,1624758.0157769085
2024-03-30,,2328354.96552343,9,20955194.68971087
2024-03-29,Thời trang,2766158.537307921,3,8298475.611923763
2024-03-01,Gia dụng,548072.9400872174,1,548072.9400872174
2024-03-08,Gia dụng,1729851.603449207,5,8649258.017246036
2024-03-26,unknown,150812.39712079786,4,603249.5884831914
2024-03-20,Gia dụng,907988.1988868471,8,7263905.591094777
2024-03-15,unknown,1373924.479110332,9,12365320.311992988
2024-03-08,Sách,2220839.708531488,5,11104198.54265744
2024-03-29,unknown,180118.16773596455,1,180118.16773596455
2024-03-17,,2354630.4204583075,4,9418521.68183323
2024-03-11,Gia dụng,647810.9047006912,3,1943432.7141020736
2024-03-05,Thiết bị điện tử,2290618.7245825166,6,13743712.3474951
2024-03-15,Sách,1895138.8947686402,2,3790277.7895372803
2024-03-21,Gia dụng,1051748.7189266917,5,5258743.594633458
2024-03-12,Sách,2185066.868333963,8,17480534.946671706
2024-03-22,Thiết bị điện tử,747151.6222510716,5,3735758.111255358
2024-03-05,unknown,698197.4790968435,5,3490987.3954842174
2024-03-04,Gia dụng,232147.0366148218,8,1857176.2929185743
2024-03-28,,1209577.6627810977,5,6047888.313905489
2024-03-25,unknown,338234.56175291276,4,1352938.247011651
2024-03-23,Gia dụng,1287527.6708109544,9,11587749.03729859
2024-03-27,Thiết bị điện tử,78920.54942732914,2,157841.09885465828
2024-03-11,Gia dụng,507495.87411544425,1,507495.87411544425
2024-03-31,Thiết bị điện tử,2800497.225041989,4,11201988.900167955
2024-03-05,Gia dụng,2396907.357702715,3,7190722.073108144
2024-03-31,Gia dụng,746682.5926698575,9,6720143.334028718
2024-03-03,Thời trang,2168961.4208604787,3,6506884.262581436
2024-03-12,Sách,2022021.2836725384,3,6066063.851017615
2024-03-21,Đồ thể thao,571930.5614292255,7,4003513.9300045785
2024-03-29,Thời trang,1144622.6546817103,2,2289245.3093634206
2024-03-03,Thời trang,2745431.940556829,8,
2024-03-15,Sách,2229217.7554566683,6,13375306.53274001
2024-03-20,Thời trang,2293030.1291041523,9,20637271.16193737
2024-03-20,Thiết bị điện tử,1713463.7995171554,8,13707710.396137243
2024-03-22,Thời trang,2013342.406268563,4,8053369.625074252
2024-03-30,Đồ thể thao,1550778.504991501,8,12406228.039932009
2024-03-25,Thiết bị điện tử,2235636.719841889,4,8942546.879367556
2024-03-24,,2211546.5539940028,5,11057732.769970015
2024-03-04,Sách,141695.40333812844,7,991867.823366899
2024-03-19,Sách,1913734.4582873029,6,11482406.749723818
2024-03-22,Sách,1907950.3079863328,5,9539751.539931664
2024-03-13,Thiết bị điện tử,248593.89851891322,2,497187.79703782644
2024-03-18,Sách,1260624.7322622465,5,6303123.6613112325
2024-03-31,Sách,2701427.9146563727,7,18909995.40259461
2024-03-31,Đồ thể thao,2862644.532874777,6,17175867.19724866
2024-03-06,Gia dụng,2357522.2957539945,6,
2024-03-15,unknown,496840.0074640075,5,2484200.0373200374
2024-03-06,,1155423.8725247614,9,10398814.852722852
2024-03-05,Gia dụng,588532.3801904134,1,588532.3801904134
2024-03-31,Gia dụng,1973801.6016738147,4,7895206.406695259
2024-03-10,Sách,2330776.1313723912,7,16315432.919606738
2024-03-08,Thiết bị điện tử,2657108.869942575,1,2657108.869942575
2024-03-31,Sách,2588913.0026316927,4,10355652.01052677
2024-03-09,Gia dụng,342669.286599687,6,2056015.719598122
2024-03-20,Đồ thể thao,420738.32058817643,8,3365906.5647054114
2024-03-01,Sách,2733531.848179103,7,19134722.93725372
2024-03-15,Sách,2539164.0741579016,9,22852476.667421114
2024-03-21,Sách,1408115.5868958475,7,9856809.108270932
2024-03-08,Thiết bị điện tử,1318653.6707426019,3,3955961.0122278053
2024-03-16,Đồ thể thao,1680759.0409052044,4,
2024-03-29,Đồ thể thao,1810075.7571507879,3,5430227.271452364
2024-03-31,unknown,799938.853281199,9,7199449.679530791
2024-03-05,Đồ thể thao,1241038.2022578947,8,9928305.618063157
2024-03-08,Đồ thể thao,1878094.2442098076,9,16902848.19788827
2024-03-23,Gia dụng,658488.788903881,2,1316977.577807762
2024-03-07,Sách,2996558.0510179726,5,14982790.255089864
2024-03-29,,884671.3842615101,5,4423356.921307551
2024-03-16,Đồ thể thao,1679625.0701648993,7,11757375.491154294
2024-03-28,Thời trang,1684770.8015107482,4,6739083.206042993
2024-03-18,Thời trang,1381881.4237478564,4,5527525.694991426
2024-03-30,,762553.1971975756,8,6100425.577580605
2024-03-15,unknown,1717791.5633897823,1,1717791.5633897823
2024-03-27,Gia dụng,318492.5252828265,6,1910955.151696959
2024-03-22,Thời trang,1191432.0343398245,9,10722888.30905842
2024-03-29,Thời trang,711543.9752972112,2,1423087.9505944224
2024-03-28,Thời trang,416324.43320839177,5,2081622.1660419588
2024-03-22,Gia dụng,2780174.6460994147,9,25021571.814894732
2024-03-06,Sách,2114831.599082656,4,8459326.396330625
2024-03-08,Gia dụng,548045.2029063432,9,4932406.826157088
2024-03-17,Thiết bị điện tử,2850717.788768573,8,22805742.310148586
2024-03-10,Thiết bị điện tử,687176.719035885,9,
2024-03-28,Thời trang,745059.1282018538,2,1490118.2564037077
2024-03-27,Thời trang,443147.6078579314,5,2215738.039289657
2024-03-18,Sách,2197166.7495228746,9,19774500.745705873
2024-03-21,unknown,1734082.526272943,5,8670412.631364714
2024-03-27,,221840.84062386848,4,887363.3624954739
2024-03-20,Thời trang,124634.85077414068,8,997078.8061931254
2024-03-07,Thiết bị điện tử,1621345.4889384056,6,9728072.933630433
2024-03-09,Thời trang,1972017.0161719264,2,3944034.032343853
2024-03-03,Sách,2477477.1687218067,8,19819817.349774454
2024-03-08,Thiết bị điện tử,1460905.126258841,5,7304525.631294205
2024-03-28,Thời trang,2045764.9123392187,7,14320354.386374531
2024-03-29,Sách,2214284.1998234126,4,8857136.79929365
2024-03-29,unknown,1858505.4442854126,9,16726548.998568714
2024-03-18,unknown,1089037.944483908,2,2178075.888967816
2024-03-11,Sách,439091.67493154714,9,3951825.0743839242
2024-03-20,Thiết bị điện tử,1960238.7063620302,4,7840954.825448121
2024-03-21,Thiết bị điện tử,2317654.178846579,6,13905925.073079474
2024-03-27,,609990.0000291871,5,3049950.0001459355
2024-03-16,Thiết bị điện tử,1509856.8212903698,3,4529570.463871109
2024-03-19,unknown,1221873.8851215155,7,8553117.195850609
2024-03-27,Sách,656824.0727996831,4,2627296.2911987323
2024-03-29,Thiết bị điện tử,773673.7920924186,1,773673.7920924186
2024-03-28,unknown,751138.7375666444,8,6009109.900533156
2024-03-15,unknown,1285846.3157554264,3,3857538.9472662793
2024-03-20,Thiết bị điện tử,1201862.6590787333,6,7211175.9544724
2024-03-17,Sách,1684827.2600689786,2,3369654.5201379573
2024-03-10,,324971.5350947756,9,2924743.8158529806
2024-03-07,Sách,1764688.4909175725,4,7058753.96367029
2024-03-02,Thiết bị điện tử,114445.96045494653,7,801121.7231846257
2024-03-19,Thiết bị điện tử,809256.6286039468,9,7283309.657435521
2024-03-19,unknown,1531307.1412393982,3,4593921.4237181945
2024-03-04,Thiết bị điện tử,2076462.0949847389,3,6229386.284954216
2024-03-17,,2325233.589663062,3,6975700.768989185
2024-03-29,unknown,154905.88298582274,5,774529.4149291137
2024-03-31,Sách,1635586.3195026321,6,
2024-03-26,Đồ thể thao,1095587.9479417414,3,3286763.8438252243
2024-03-11,Gia dụng,2099981.3148503713,9,18899831.833653342
2024-03-09,Thời trang,887150.2982293207,1,887150.2982293207
2024-03-29,Gia dụng,2243984.7074009785,7,15707892.95180685
2024-03-20,,1826598.8781181446,9,16439389.903063301
2024-03-23,Sách,2379533.5319669214,5,error
2024-03-19,unknown,2953962.1763104205,3,8861886.528931262
2024-03-16,Đồ thể thao,2730328.6326342924,4,10921314.53053717
2024-03-15,,1800206.0747963411,8,14401648.598370729
2024-03-30,unknown,2686598.423353525,3,8059795.270060575
2024-03-08,Sách,501614.9479216726,5,2508074.7396083632
2024-03-10,Thiết bị điện tử,176953.71291974833,3,530861.1387592449
2024-03-30,,1622743.0872156622,6,9736458.523293974
2024-03-20,Thời trang,2924390.839609639,1,2924390.839609639
2024-03-19,Gia dụng,2143722.5199536267,7,15006057.639675386
2024-03-23,Sách,950170.090571712,6,5701020.5434302725
2024-03-14,Đồ thể thao,2022875.4907809745,6,12137252.944685847
2024-03-05,Thiết bị điện tử,167727.75365886986,3,503183.26097660954
2024-03-25,Đồ thể thao,1438327.8809484304,1,1438327.8809484304
2024-03-17,Thời trang,749904.2660693206,1,749904.2660693206
2024-03-30,Đồ thể thao,195134.54710858196,7,1365941.8297600737
2024-03-19,Đồ thể thao,787235.623083247,4,3148942.492332988
2024-03-24,unknown,2181258.272416916,6,13087549.634501498
2024-03-09,Thiết bị điện tử,1676006.9076869441,4,6704027.6307477765
2024-03-29,Đồ thể thao,119132.94994799237,8,953063.599583939
2024-03-02,Thiết bị điện tử,1258726.3718042884,9,11328537.346238595
2024-03-24,Thời trang,2268904.758374096,2,4537809.516748192
2024-03-11,Sách,2866083.8460118864,1,2866083.8460118864
2024-03-05,Thiết bị điện tử,2629354.8340341514,1,2629354.8340341514
2024-03-21,,54483.26612841887,7,381382.86289893213
2024-03-09,unknown,695170.8912291201,2,1390341.7824582402
2024-03-12,,662823.8085135627,3,1988471.425540688
2024-03-01,Sách,1268629.1585818403,4,5074516.634327361
2024-03-13,unknown,1954975.9653999053,9,17594783.688599147
2024-03-11,unknown,501553.729599725,2,1003107.45919945
2024-03-04,unknown,2751252.147316096,2,5502504.294632192
2024-03-16,Gia dụng,2342494.8987232437,1,2342494.8987232437
2024-03-31,Đồ thể thao,1287029.2151165474,8,10296233.72093238
2024-03-02,Sách,1772780.7550088663,8,14182246.04007093
2024-03-27,Đồ thể thao,1648315.9155831973,5,
2024-03-29,Thiết bị điện tử,1767578.664247377,3,5302735.992742131
2024-03-01,Đồ thể thao,2587339.9985612268,1,2587339.9985612268
2024-03-12,unknown,640352.9363794863,2,1280705.8727589727
2024-03-23,Thời trang,2066956.207593766,9,18602605.868343893
2024-03-06,,365746.7604055842,8,2925974.0832446734
2024-03-29,Sách,1404533.7256276791,4,5618134.902510717
2024-03-01,Đồ thể thao,1925724.6633980896,3,5777173.9901942685
2024-03-18,Sách,86879.90038301371,5,434399.50191506854
2024-03-15,Sách,368795.47882166214,8,
2024-03-27,Thời trang,319236.9698030783,6,1915421.8188184695
2024-03-16,Thiết bị điện tử,1155343.192423377,4,4621372.769693508
2024-03-21,Đồ thể thao,1884926.4227914207,8,15079411.382331366
2024-03-09,Gia dụng,2988096.8398736264,4,11952387.359494505
2024-03-09,unknown,799532.7117580643,5,3997663.5587903215
2024-03-01,Sách,451080.6179001889,2,902161.2358003778
2024-03-18,Thiết bị điện tử,1273549.8127434754,4,5094199.250973902
2024-03-13,Gia dụng,480627.52637194627,3,1441882.5791158387
2024-03-17,Sách,122406.40066536482,8,979251.2053229186
2024-03-31,Gia dụng,1713679.2240155323,8,13709433.792124258
2024-03-10,Đồ thể thao,2644738.9140164275,7,18513172.398114994
2024-03-11,Đồ thể thao,2589507.8101060377,6,15537046.860636227
2024-03-27,,347326.28981479595,9,3125936.6083331634
2024-03-20,Sách,485056.9001287666,4,1940227.6005150664
2024-03-10,Sách,1498806.9298172023,4,5995227.719268809
2024-03-22,,1134763.7344084014,6,6808582.4064504085
2024-03-28,Đồ thể thao,2124069.9011661597,1,2124069.9011661597
2024-03-27,Thiết bị điện tử,1510075.9506251584,2,3020151.9012503168
2024-03-27,Gia dụng,109348.62712758555,2,218697.2542551711
2024-03-22,Sách,889464.3259243264,4,3557857.3036973057
