ngay_dang_ky,user_id
2024-03-09,user_0
2024-03-12,user_1
2024-03-11,user_2
2024-03-18,user_3
2024-03-30,user_4
2024-03-12,user_5
2024-03-03,user_6
2024-03-18,user_7
2024-03-11,user_8
2024-03-12,user_9
2024-03-23,user_10
2024-03-20,user_11
2024-03-06,user_12
2024-03-19,user_13
,user_14
,user_15
2024-03-20,user_16
2024-03-07,user_17
2024-03-05,user_18
2024-03-31,user_19
2024-03-01,user_20
2024-03-26,user_21
2024-03-08,user_22
2024-03-29,user_23
2024-03-11,user_24
2024-03-20,user_25
2024-03-07,user_26
2024-03-19,user_27
2024-03-01,user_28
2024-03-26,user_29
2024-03-22,user_30
2024-03-19,user_31
2024-03-22,user_32
2024-03-31,user_33
,user_34
2024-03-22,user_35
2024-03-22,user_36
2024-03-15,user_37
2024-03-04,user_38
2024-03-30,user_39
2024-03-28,user_40
2024-03-04,user_41
2024-03-13,user_42
2024-03-09,user_43
2024-03-13,user_44
2024-03-03,user_45
2024-03-14,user_46
2024-03-24,user_47
2024-03-22,user_48
2024-03-22,user_49
2024-03-31,user_50
2024-03-27,user_51
2024-03-27,user_52
2024-03-21,user_53
2024-03-07,user_54
2024-03-29,user_55
2024-03-16,user_56
2024-03-02,user_57
2024-03-07,user_58
2024-03-25,user_59
2024-03-18,user_60
2024-03-18,user_61
2024-03-07,user_62
2024-03-07,user_63
2024-03-23,user_64
2024-03-30,user_65
2024-03-03,user_66
2024-03-25,user_67
2024-03-16,user_68
,user_69
2024-03-17,user_70
2024-03-23,user_71
2024-03-03,user_72
2024-03-30,user_73
2024-03-08,user_74
2024-03-04,user_75
2024-03-11,user_76
2024-03-24,user_77
,user_78
2024-03-04,user_79
2024-03-04,user_80
2024-03-15,user_81
2024-03-10,user_82
2024-03-29,user_83
2024-03-15,user_84
2024-03-13,user_85
2024-03-14,user_86
2024-03-01,user_87
2024-03-04,user_88
2024-03-02,user_89
2024-03-12,user_90
2024-03-07,user_91
2024-03-24,user_92
2024-03-11,user_93
2024-03-08,user_94
2024-03-01,user_95
2024-03-21,user_96
2024-03-11,user_97
2024-03-23,user_98
2024-03-27,user_99
2024-03-06,user_100
2024-03-12,user_101
2024-03-24,user_102
2024-03-01,user_103
2024-03-02,user_104
2024-03-22,user_105
2024-03-25,user_106
2024-03-01,user_107
2024-03-12,user_108
2024-03-13,user_109
2024-03-13,user_110
2024-03-12,user_111
2024-03-25,user_112
2024-03-10,user_113
2024-03-03,user_114
2024-03-01,user_115
2024-03-02,user_116
2024-03-21,user_117
2024-03-17,user_118
,user_119
2024-03-30,user_120
2024-03-11,user_121
2024-03-26,user_122
2024-03-31,user_123
2024-03-04,user_124
2024-03-04,user_125
2024-03-19,user_126
2024-03-19,user_127
2024-03-16,user_128
2024-03-23,user_129
2024-03-24,user_130
2024-03-23,user_131
2024-03-21,user_132
2024-03-08,user_133
2024-03-20,user_134
,user_135
2024-03-07,user_136
2024-03-10,user_137
2024-03-11,user_138
2024-03-13,user_139
2024-03-22,user_140
2024-03-28,user_141
2024-03-15,user_142
2024-03-01,user_143
2024-03-27,user_144
2024-03-06,user_145
2024-03-21,user_146
2024-03-18,user_147
2024-03-11,user_148
2024-03-11,user_149
2024-03-31,user_150
2024-03-31,user_151
,user_152
2024-03-02,user_153
2024-03-16,user_154
2024-03-24,user_155
2024-03-22,user_156
2024-03-28,user_157
2024-03-06,user_158
2024-03-27,user_159
2024-03-14,user_160
2024-03-09,user_161
2024-03-05,user_162
2024-03-01,user_163
2024-03-14,user_164
2024-03-23,user_165
2024-03-26,user_166
2024-03-02,user_167
2024-03-13,user_168
2024-03-09,user_169
2024-03-25,user_170
2024-03-09,user_171
2024-03-11,user_172
2024-03-11,user_173
2024-03-18,user_174
2024-03-20,user_175
2024-03-09,user_176
2024-03-18,user_177
2024-03-17,user_178
2024-03-07,user_179
2024-03-07,user_180
2024-03-19,user_181
2024-03-01,user_182
,user_183
2024-03-05,user_184
2024-03-23,user_185
2024-03-01,user_186
2024-03-04,user_187
2024-03-16,user_188
2024-03-01,user_189
2024-03-29,user_190
2024-03-21,user_191
2024-03-16,user_192
2024-03-18,user_193
2024-03-28,user_194
2024-03-10,user_195
2024-03-15,user_196
2024-03-01,user_197
2024-03-15,user_198
2024-03-24,user_199
2024-03-04,user_200
2024-03-14,user_201
2024-03-05,user_202
2024-03-19,user_203
2024-03-05,user_204
2024-03-01,user_205
2024-03-15,user_206
2024-03-29,user_207
2024-03-02,user_208
2024-03-21,user_209
2024-03-25,user_210
2024-03-27,user_211
2024-03-25,user_212
2024-03-16,user_213
2024-03-29,user_214
2024-03-03,user_215
2024-03-02,user_216
,user_217
2024-03-12,user_218
2024-03-18,user_219
2024-03-09,user_220
2024-03-25,user_221
2024-03-09,user_222
2024-03-30,user_223
2024-03-12,user_224
2024-03-12,user_225
2024-03-11,user_226
2024-03-03,user_227
2024-03-07,user_228
2024-03-25,user_229
2024-03-22,user_230
2024-03-11,user_231
2024-03-14,user_232
2024-03-29,user_233
2024-03-13,user_234
2024-03-24,user_235
2024-03-31,user_236
2024-03-02,user_237
2024-03-10,user_238
2024-03-09,user_239
2024-03-09,user_240
2024-03-04,user_241
2024-03-11,user_242
2024-03-16,user_243
2024-03-26,user_244
2024-03-29,user_245
2024-03-04,user_246
2024-03-26,user_247
2024-03-08,user_248
2024-03-04,user_249
2024-03-20,user_250
2024-03-23,user_251
2024-03-27,user_252
2024-03-02,user_253
2024-03-01,user_254
2024-03-25,user_255
2024-03-18,user_256
2024-03-31,user_257
2024-03-01,user_258
2024-03-11,user_259
2024-03-20,user_260
2024-03-03,user_261
2024-03-04,user_262
2024-03-01,user_263
2024-03-09,user_264
2024-03-13,user_265
2024-03-11,user_266
2024-03-05,user_267
2024-03-18,user_268
,user_269
2024-03-08,user_270
2024-03-24,user_271
2024-03-24,user_272
2024-03-07,user_273
2024-03-23,user_274
2024-03-05,user_275
2024-03-21,user_276
2024-03-29,user_277
2024-03-31,user_278
2024-03-28,user_279
2024-03-02,user_280
2024-03-03,user_281
2024-03-10,user_282
2024-03-18,user_283
2024-03-14,user_284
2024-03-25,user_285
2024-03-06,user_286
2024-03-12,user_287
2024-03-15,user_288
2024-03-31,user_289
2024-03-30,user_290
2024-03-11,user_291
2024-03-13,user_292
2024-03-25,user_293
2024-03-20,user_294
2024-03-16,user_295
2024-03-10,user_296
2024-03-28,user_297
2024-03-11,user_298
2024-03-04,user_299
2024-03-03,user_300
,user_301
2024-03-13,user_302
2024-03-24,user_303
2024-03-30,user_304
2024-03-08,user_305
2024-03-21,user_306
2024-03-31,user_307
2024-03-05,user_308
2024-03-15,user_309
2024-03-02,user_310
2024-03-02,user_311
2024-03-09,user_312
2024-03-04,user_313
2024-03-14,user_314
2024-03-26,user_315
2024-03-05,user_316
2024-03-29,user_317
2024-03-02,user_318
2024-03-09,user_319
2024-03-25,user_320
,user_321
2024-03-21,user_322
2024-03-15,user_323
2024-03-31,user_324
2024-03-20,user_325
2024-03-05,user_326
2024-03-22,user_327
2024-03-08,user_328
2024-03-14,user_329
2024-03-07,user_330
2024-03-14,user_331
2024-03-06,user_332
2024-03-25,user_333
2024-03-20,user_334
2024-03-13,user_335
2024-03-14,user_336
2024-03-28,user_337
2024-03-12,user_338
2024-03-14,user_339
2024-03-23,user_340
2024-03-19,user_341
2024-03-05,user_342
2024-03-18,user_343
2024-03-07,user_344
2024-03-22,user_345
2024-03-10,user_346
2024-03-17,user_347
2024-03-12,user_348
2024-03-24,user_349
2024-03-05,user_350
2024-03-15,user_351
2024-03-08,user_352
2024-03-01,user_353
2024-03-02,user_354
2024-03-28,user_355
2024-03-07,user_356
2024-03-06,user_357
2024-03-03,user_358
2024-03-31,user_359
2024-03-31,user_360
2024-03-28,user_361
2024-03-30,user_362
2024-03-26,user_363
2024-03-29,user_364
2024-03-24,user_365
2024-03-12,user_366
2024-03-10,user_367
2024-03-29,user_368
,user_369
2024-03-16,user_370
2024-03-06,user_371
2024-03-07,user_372
2024-03-14,user_373
2024-03-18,user_374
2024-03-24,user_375
2024-03-12,user_376
2024-03-21,user_377
2024-03-09,user_378
,user_379
2024-03-25,user_380
2024-03-14,user_381
2024-03-05,user_382
2024-03-16,user_383
,user_384
2024-03-02,user_385
2024-03-26,user_386
2024-03-03,user_387
2024-03-12,user_388
2024-03-14,user_389
2024-03-22,user_390
2024-03-25,user_391
2024-03-07,user_392
2024-03-10,user_393
2024-03-12,user_394
2024-03-28,user_395
2024-03-29,user_396
2024-03-22,user_397
2024-03-23,user_398
2024-03-07,user_399
2024-03-16,user_400
2024-03-24,user_401
2024-03-05,user_402
2024-03-02,user_403
,user_404
2024-03-25,user_405
2024-03-28,user_406
2024-03-05,user_407
2024-03-12,user_408
2024-03-01,user_409
2024-03-27,user_410
2024-03-07,user_411
2024-03-31,user_412
2024-03-21,user_413
2024-03-16,user_414
2024-03-24,user_415
2024-03-11,user_416
2024-03-25,user_417
2024-03-26,user_418
2024-03-30,user_419
2024-03-05,user_420
2024-03-24,user_421
2024-03-15,user_422
2024-03-22,user_423
2024-03-04,user_424
2024-03-05,user_425
2024-03-13,user_426
2024-03-18,user_427
2024-03-23,user_428
2024-03-29,user_429
2024-03-03,user_430
2024-03-27,user_431
2024-03-29,user_432
2024-03-16,user_433
,user_434
2024-03-08,user_435
2024-03-17,user_436
2024-03-15,user_437
2024-03-17,user_438
2024-03-23,user_439
2024-03-12,user_440
2024-03-14,user_441
2024-03-28,user_442
2024-03-07,user_443
2024-03-27,user_444
2024-03-09,user_445
2024-03-07,user_446
2024-03-04,user_447
2024-03-23,user_448
2024-03-25,user_449
2024-03-15,user_450
,user_451
2024-03-27,user_452
2024-03-12,user_453
2024-03-31,user_454
2024-03-12,user_455
2024-03-24,user_456
2024-03-19,user_457
2024-03-05,user_458
2024-03-21,user_459
2024-03-30,user_460
2024-03-14,user_461
2024-03-01,user_462
2024-03-20,user_463
2024-03-06,user_464
2024-03-18,user_465
2024-03-19,user_466
2024-03-28,user_467
2024-03-21,user_468
2024-03-23,user_469
2024-03-02,user_470
2024-03-10,user_471
2024-03-20,user_472
,user_473
2024-03-05,user_474
2024-03-27,user_475
2024-03-07,user_476
2024-03-19,user_477
2024-03-03,user_478
2024-03-08,user_479
2024-03-19,user_480
2024-03-16,user_481
2024-03-19,user_482
,user_483
2024-03-24,user_484
2024-03-25,user_485
2024-03-24,user_486
2024-03-16,user_487
2024-03-14,user_488
2024-03-08,user_489
2024-03-27,user_490
2024-03-16,user_491
2024-03-03,user_492
2024-03-18,user_493
2024-03-26,user_494
2024-03-30,user_495
2024-03-04,user_496
2024-03-26,user_497
2024-03-12,user_498
2024-03-06,user_499
2024-03-02,user_500
2024-03-08,user_501
2024-03-20,user_502
,user_503
2024-03-30,user_504
2024-03-08,user_505
2024-03-17,user_506
2024-03-15,user_507
2024-03-24,user_508
2024-03-25,user_509
2024-03-04,user_510
2024-03-20,user_511
2024-03-31,user_512
2024-03-05,user_513
,user_514
2024-03-06,user_515
2024-03-31,user_516
2024-03-24,user_517
2024-03-02,user_518
2024-03-05,user_519
2024-03-18,user_520
2024-03-14,user_521
2024-03-21,user_522
2024-03-13,user_523
2024-03-19,user_524
2024-03-06,user_525
2024-03-30,user_526
2024-03-30,user_527
2024-03-25,user_528
2024-03-20,user_529
2024-03-14,user_530
2024-03-07,user_531
2024-03-12,user_532
2024-03-19,user_533
2024-03-05,user_534
,user_535
,user_536
2024-03-08,user_537
2024-03-11,user_538
2024-03-31,user_539
2024-03-27,user_540
2024-03-10,user_541
2024-03-18,user_542
2024-03-08,user_543
2024-03-03,user_544
2024-03-30,user_545
2024-03-05,user_546
2024-03-09,user_547
2024-03-23,user_548
2024-03-09,user_549
2024-03-15,user_550
2024-03-21,user_551
,user_552
2024-03-07,user_553
2024-03-07,user_554
,user_555
,user_556
2024-03-13,user_557
2024-03-16,user_558
2024-03-06,user_559
2024-03-21,user_560
2024-03-15,user_561
2024-03-22,user_562
2024-03-22,user_563
2024-03-14,user_564
2024-03-04,user_565
2024-03-24,user_566
2024-03-03,user_567
2024-03-03,user_568
2024-03-01,user_569
2024-03-25,user_570
2024-03-10,user_571
2024-03-11,user_572
2024-03-23,user_573
2024-03-02,user_574
2024-03-16,user_575
2024-03-26,user_576
2024-03-02,user_577
2024-03-19,user_578
2024-03-05,user_579
2024-03-09,user_580
2024-03-20,user_581
2024-03-17,user_582
2024-03-13,user_583
2024-03-19,user_584
2024-03-11,user_585
2024-03-06,user_586
2024-03-16,user_587
2024-03-15,user_588
2024-03-01,user_589
2024-03-14,user_590
2024-03-22,user_591
2024-03-05,user_592
2024-03-27,user_593
2024-03-09,user_594
2024-03-11,user_595
2024-03-30,user_596
2024-03-09,user_597
2024-03-14,user_598
2024-03-23,user_599
2024-03-04,user_600
2024-03-14,user_601
2024-03-05,user_602
2024-03-05,user_603
2024-03-08,user_604
2024-03-26,user_605
2024-03-29,user_606
2024-03-05,user_607
2024-03-02,user_608
2024-03-23,user_609
2024-03-01,user_610
,user_611
2024-03-29,user_612
2024-03-26,user_613
2024-03-18,user_614
2024-03-10,user_615
2024-03-24,user_616
2024-03-30,user_617
2024-03-14,user_618
2024-03-02,user_619
2024-03-07,user_620
2024-03-29,user_621
2024-03-20,user_622
2024-03-20,user_623
2024-03-29,user_624
2024-03-12,user_625
2024-03-03,user_626
2024-03-09,user_627
2024-03-18,user_628
2024-03-10,user_629
2024-03-10,user_630
2024-03-23,user_631
2024-03-18,user_632
2024-03-08,user_633
2024-03-23,user_634
2024-03-13,user_635
2024-03-09,user_636
2024-03-19,user_637
2024-03-09,user_638
2024-03-07,user_639
2024-03-28,user_640
,user_641
2024-03-14,user_642
2024-03-10,user_643
,user_644
2024-03-10,user_645
2024-03-15,user_646
2024-03-16,user_647
2024-03-19,user_648
2024-03-01,user_649
2024-03-13,user_650
2024-03-11,user_651
2024-03-01,user_652
2024-03-22,user_653
2024-03-28,user_654
2024-03-19,user_655
2024-03-15,user_656
2024-03-28,user_657
2024-03-04,user_658
2024-03-28,user_659
2024-03-01,user_660
2024-03-23,user_661
2024-03-10,user_662
2024-03-25,user_663
2024-03-25,user_664
2024-03-27,user_665
2024-03-21,user_666
2024-03-23,user_667
2024-03-13,user_668
2024-03-18,user_669
2024-03-28,user_670
2024-03-22,user_671
2024-03-07,user_672
2024-03-18,user_673
2024-03-08,user_674
2024-03-05,user_675
2024-03-18,user_676
2024-03-26,user_677
2024-03-27,user_678
2024-03-21,user_679
2024-03-21,user_680
2024-03-15,user_681
2024-03-12,user_682
2024-03-21,user_683
2024-03-23,user_684
2024-03-21,user_685
2024-03-19,user_686
2024-03-27,user_687
2024-03-22,user_688
2024-03-13,user_689
2024-03-19,user_690
2024-03-21,user_691
2024-03-13,user_692
,user_693
2024-03-17,user_694
2024-03-15,user_695
2024-03-24,user_696
2024-03-26,user_697
2024-03-29,user_698
2024-03-03,user_699
2024-03-06,user_700
2024-03-26,user_701
2024-03-25,user_702
2024-03-18,user_703
2024-03-12,user_704
2024-03-27,user_705
2024-03-09,user_706
2024-03-21,user_707
2024-03-18,user_708
2024-03-22,user_709
2024-03-19,user_710
2024-03-11,user_711
2024-03-05,user_712
2024-03-17,user_713
2024-03-06,user_714
2024-03-26,user_715
2024-03-01,user_716
2024-03-24,user_717
2024-03-20,user_718
2024-03-29,user_719
2024-03-15,user_720
2024-03-04,user_721
2024-03-13,user_722
2024-03-27,user_723
,user_724
2024-03-28,user_725
2024-03-05,user_726
2024-03-27,user_727
2024-03-23,user_728
2024-03-23,user_729
,user_730
2024-03-16,user_731
2024-03-18,user_732
2024-03-29,user_733
2024-03-16,user_734
2024-03-13,user_735
2024-03-09,user_736
2024-03-16,user_737
2024-03-30,user_738
2024-03-08,user_739
2024-03-21,user_740
2024-03-17,user_741
2024-03-26,user_742
2024-03-08,user_743
2024-03-24,user_744
2024-03-31,user_745
2024-03-17,user_746
2024-03-24,user_747
2024-03-28,user_748
2024-03-15,user_749
2024-03-26,user_750
2024-03-29,user_751
,user_752
2024-03-15,user_753
2024-03-12,user_754
2024-03-19,user_755
2024-03-19,user_756
2024-03-14,user_757
,user_758
,user_759
2024-03-28,user_760
2024-03-08,user_761
2024-03-05,user_762
2024-03-16,user_763
2024-03-21,user_764
2024-03-15,user_765
2024-03-07,user_766
2024-03-27,user_767
2024-03-15,user_768
2024-03-22,user_769
2024-03-27,user_770
2024-03-17,user_771
2024-03-01,user_772
2024-03-29,user_773
2024-03-27,user_774
2024-03-20,user_775
2024-03-21,user_776
2024-03-30,user_777
2024-03-05,user_778
2024-03-20,user_779
2024-03-10,user_780
2024-03-22,user_781
2024-03-18,user_782
2024-03-06,user_783
2024-03-12,user_784
2024-03-09,user_785
2024-03-27,user_786
2024-03-03,user_787
2024-03-07,user_788
2024-03-28,user_789
2024-03-13,user_790
,user_791
2024-03-15,user_792
,user_793
2024-03-31,user_794
2024-03-27,user_795
2024-03-16,user_796
2024-03-28,user_797
2024-03-07,user_798
2024-03-31,user_799
2024-03-10,user_800
2024-03-19,user_801
2024-03-25,user_802
2024-03-25,user_803
2024-03-21,user_804
2024-03-26,user_805
2024-03-22,user_806
2024-03-11,user_807
2024-03-05,user_808
2024-03-27,user_809
,user_810
2024-03-25,user_811
2024-03-22,user_812
2024-03-07,user_813
2024-03-28,user_814
2024-03-28,user_815
2024-03-05,user_816
,user_817
2024-03-08,user_818
2024-03-30,user_819
2024-03-27,user_820
2024-03-13,user_821
,user_822
2024-03-06,user_823
2024-03-09,user_824
2024-03-17,user_825
2024-03-18,user_826
2024-03-02,user_827
2024-03-28,user_828
2024-03-05,user_829
2024-03-02,user_830
2024-03-27,user_831
2024-03-09,user_832
2024-03-21,user_833
2024-03-20,user_834
2024-03-10,user_835
2024-03-26,user_836
2024-03-27,user_837
2024-03-27,user_838
2024-03-19,user_839
2024-03-09,user_840
2024-03-28,user_841
2024-03-12,user_842
2024-03-03,user_843
,user_844
2024-03-20,user_845
2024-03-01,user_846
,user_847
2024-03-30,user_848
2024-03-16,user_849
2024-03-01,user_850
2024-03-23,user_851
2024-03-25,user_852
2024-03-26,user_853
2024-03-29,user_854
2024-03-30,user_855
2024-03-15,user_856
2024-03-01,user_857
2024-03-30,user_858
2024-03-27,user_859
,user_860
2024-03-11,user_861
2024-03-19,user_862
2024-03-14,user_863
2024-03-25,user_864
2024-03-05,user_865
2024-03-28,user_866
2024-03-19,user_867
2024-03-05,user_868
2024-03-30,user_869
2024-03-18,user_870
2024-03-01,user_871
2024-03-08,user_872
2024-03-03,user_873
2024-03-11,user_874
2024-03-30,user_875
2024-03-28,user_876
2024-03-02,user_877
2024-03-18,user_878
2024-03-15,user_879
2024-03-09,user_880
2024-03-30,user_881
2024-03-26,user_882
2024-03-07,user_883
2024-03-16,user_884
2024-03-15,user_885
2024-03-26,user_886
2024-03-10,user_887
2024-03-11,user_888
2024-03-25,user_889
2024-03-26,user_890
2024-03-01,user_891
2024-03-26,user_892
2024-03-06,user_893
2024-03-02,user_894
2024-03-26,user_895
2024-03-28,user_896
2024-03-30,user_897
2024-03-31,user_898
,user_899
2024-03-18,user_900
2024-03-25,user_901
2024-03-22,user_902
2024-03-14,user_903
2024-03-29,user_904
2024-03-14,user_905
2024-03-25,user_906
2024-03-26,user_907
2024-03-13,user_908
2024-03-19,user_909
2024-03-08,user_910
2024-03-16,user_911
2024-03-03,user_912
2024-03-08,user_913
2024-03-20,user_914
2024-03-19,user_915
2024-03-08,user_916
2024-03-27,user_917
2024-03-02,user_918
2024-03-05,user_919
2024-03-04,user_920
2024-03-30,user_921
2024-03-23,user_922
,user_923
2024-03-28,user_924
2024-03-31,user_925
2024-03-14,user_926
2024-03-21,user_927
2024-03-18,user_928
2024-03-14,user_929
2024-03-11,user_930
2024-03-02,user_931
2024-03-29,user_932
2024-03-23,user_933
2024-03-10,user_934
2024-03-06,user_935
2024-03-06,user_936
2024-03-14,user_937
2024-03-24,user_938
2024-03-21,user_939
,user_940
2024-03-04,user_941
2024-03-25,user_942
2024-03-03,user_943
2024-03-15,user_944
2024-03-11,user_945
2024-03-05,user_946
2024-03-22,user_947
2024-03-26,user_948
2024-03-21,user_949
2024-03-18,user_950
2024-03-30,user_951
2024-03-08,user_952
2024-03-13,user_953
2024-03-08,user_954
2024-03-03,user_955
2024-03-29,user_956
,user_957
2024-03-02,user_958
2024-03-25,user_959
2024-03-25,user_960
2024-03-29,user_961
2024-03-28,user_962
2024-03-29,user_963
2024-03-04,user_964
,user_965
2024-03-16,user_966
2024-03-15,user_967
2024-03-12,user_968
2024-03-19,user_969
2024-03-28,user_970
2024-03-19,user_971
2024-03-14,user_972
2024-03-24,user_973
2024-03-28,user_974
2024-03-15,user_975
2024-03-04,user_976
2024-03-28,user_977
2024-03-16,user_978
2024-03-18,user_979
2024-03-20,user_980
2024-03-16,user_981
2024-03-17,user_982
2024-03-15,user_983
2024-03-20,user_984
2024-03-15,user_985
2024-03-13,user_986
2024-03-28,user_987
2024-03-19,user_988
2024-03-26,user_989
2024-03-24,user_990
2024-03-06,user_991
2024-03-30,user_992
2024-03-02,user_993
2024-03-24,user_994
2024-03-18,user_995
2024-03-29,user_996
2024-03-25,user_997
2024-03-02,user_998
2024-03-31,user_999
