ngày,lượt_truy_cập
2025-01-06,439
2025-01-07,698
2025-01-08,188
2025-01-09,980
2025-01-10,815
2025-01-11,348
2025-01-12,723
2025-01-13,797
2025-01-14,982
2025-01-15,1114
2025-01-16,1438
2025-01-17,330
2025-01-18,605
2025-01-19,381
2025-01-20,1147
2025-01-21,1400
2025-01-22,1358
2025-01-23,1166
2025-01-24,1317
2025-01-25,536
2025-01-26,1396
2025-01-27,1270
2025-01-28,1092
2025-01-29,323
2025-01-30,625
2025-01-31,656
2025-02-01,1334
2025-02-02,269
2025-02-03,653
2025-02-04,533
2025-02-05,1411
2025-02-06,1407
2025-02-07,1157
2025-02-08,762
2025-02-09,1347
2025-02-10,1413
2025-02-11,494
2025-02-12,1270
2025-02-13,1234
2025-02-14,1011
2025-02-15,1215
2025-02-16,1101
2025-02-17,381
2025-02-18,564
2025-02-19,332
2025-02-20,534
2025-02-21,710
2025-02-22,1402
2025-02-23,530
2025-02-24,849
2025-02-25,1119
2025-02-26,720
2025-02-27,1001
2025-02-28,931
2025-03-01,163
2025-03-02,738
2025-03-03,1013
2025-03-04,731
2025-03-05,631
2025-03-06,1345
2025-03-07,875
2025-03-08,519
2025-03-09,1084
2025-03-10,1046
2025-03-11,467
2025-03-12,1499
2025-03-13,1279
2025-03-14,1106
2025-03-15,1309
2025-03-16,1477
2025-03-17,1157
2025-03-18,1011
2025-03-19,1334
2025-03-20,574
2025-03-21,1268
2025-03-22,1010
2025-03-23,997
2025-03-24,346
2025-03-25,972
2025-03-26,666
2025-03-27,771
2025-03-28,1352
2025-03-29,1112
2025-03-30,949
2025-03-31,469
2025-04-01,1097
2025-04-02,1199
2025-04-03,1110
2025-04-04,1260
2025-04-05,1011
2025-04-06,886
