date,site_a,site_b,site_c
2024-01-07,1090,1536,1162
2024-01-14,1668,1028,918
2024-01-21,1554,1299,813
2024-01-28,1334,656,1165
2024-02-04,1861,1545,946
2024-02-11,1050,911,1418
2024-02-18,1155,1406,1486
2024-02-25,922,1517,526
2024-03-03,1092,1774,642
2024-03-10,1072,1544,1283
2024-03-17,1134,805,629
2024-03-24,1843,1487,1334
2024-03-31,1911,807,631
2024-04-07,1307,1219,933
2024-04-14,1031,1471,1460
2024-04-21,1399,841,892
2024-04-28,1704,1637,661
2024-05-05,1469,1617,1377
2024-05-12,812,621,1457
2024-05-19,1392,1468,673
2024-05-26,1374,1403,1304
2024-06-02,1004,916,1496
2024-06-09,1809,1204,1391
2024-06-16,1496,749,936
2024-06-23,855,1551,781
2024-06-30,809,1669,663
2024-07-07,1054,608,706
2024-07-14,1881,880,980
2024-07-21,1779,1012,1028
2024-07-28,1026,813,1121
2024-08-04,1132,1488,1144
2024-08-11,1012,1542,705
2024-08-18,1521,1374,660
2024-08-25,1245,1327,945
2024-09-01,898,915,585
2024-09-08,945,1158,533
2024-09-15,1194,1458,1179
2024-09-22,837,875,1003
2024-09-29,1428,673,810
2024-10-06,1550,1519,1105
2024-10-13,1007,1059,880
2024-10-20,1616,1365,526
2024-10-27,1980,1072,888
2024-11-03,807,1145,1199
2024-11-10,1342,1669,766
2024-11-17,1771,913,1105
2024-11-24,1504,990,1278
2024-12-01,1521,1594,1114
2024-12-08,1251,1166,636
2024-12-15,1770,1535,918
2024-12-22,1538,1363,1078
2024-12-29,1010,1795,915
